Year,Era,NOC,Country_Name,Is_Host,Athlete_Count,Sports_Participated_Count,Events_Participated_Count,Global_Total_Events,Gold,Total_Medals,Gold_Share,Medal_Share
1948,Formation,USA,United States,0,289,19,126,312.0,38.0,84.0,0.2753623188405797,0.20437956204379562
1948,Formation,SWE,Sweden,0,180,18,100,312.0,16.0,44.0,0.11594202898550725,0.1070559610705596
1948,Formation,FRA,France,0,316,20,135,312.0,10.0,29.0,0.07246376811594203,0.0705596107055961
1948,Formation,HUN,Hungary,0,128,15,76,312.0,10.0,27.0,0.07246376811594203,0.06569343065693431
1948,Formation,ITA,Italy,0,215,16,89,312.0,8.0,27.0,0.057971014492753624,0.06569343065693431
1948,Formation,GBR,Great Britain,1,406,20,139,312.0,3.0,23.0,0.021739130434782608,0.05596107055961071
1948,Formation,DEN,Denmark,0,160,17,83,312.0,5.0,20.0,0.036231884057971016,0.04866180048661801
1948,Formation,FIN,Finland,0,129,16,84,312.0,8.0,20.0,0.057971014492753624,0.04866180048661801
1948,Formation,SUI,Switzerland,0,186,19,98,312.0,5.0,20.0,0.036231884057971016,0.04866180048661801
1948,Formation,NED,Netherlands,0,149,18,74,312.0,5.0,16.0,0.036231884057971016,0.038929440389294405
1948,Formation,AUS,Australia,0,75,11,52,312.0,2.0,13.0,0.014492753623188406,0.031630170316301706
1948,Formation,TUR,Turkey,0,58,7,42,312.0,6.0,12.0,0.043478260869565216,0.029197080291970802
1948,Formation,TCH,Czechoslovakia,0,87,11,57,312.0,6.0,11.0,0.043478260869565216,0.0267639902676399
1948,Formation,ARG,Argentina,0,199,16,101,312.0,3.0,7.0,0.021739130434782608,0.0170316301703163
1948,Formation,BEL,Belgium,0,151,17,77,312.0,2.0,7.0,0.014492753623188406,0.0170316301703163
1948,Formation,NOR,Norway,0,81,12,50,312.0,1.0,7.0,0.007246376811594203,0.0170316301703163
1948,Formation,EGY,Egypt,0,85,12,53,312.0,2.0,5.0,0.014492753623188406,0.012165450121654502
1948,Formation,MEX,Mexico,0,88,14,57,312.0,2.0,5.0,0.014492753623188406,0.012165450121654502
1948,Formation,AUT,Austria,0,148,17,79,312.0,1.0,4.0,0.007246376811594203,0.009732360097323601
1948,Formation,RSA,South Africa,0,35,10,34,312.0,2.0,4.0,0.014492753623188406,0.009732360097323601
1948,Formation,CAN,Canada,0,127,13,83,312.0,0.0,3.0,0.0,0.0072992700729927005
1948,Formation,JAM,Jamaica,0,13,3,14,312.0,1.0,3.0,0.007246376811594203,0.0072992700729927005
1948,Formation,KOR,South Korea,0,46,7,24,312.0,0.0,2.0,0.0,0.004866180048661801
1948,Formation,PAN,Panama,0,1,1,2,312.0,0.0,2.0,0.0,0.004866180048661801
1948,Formation,POR,Portugal,0,48,8,22,312.0,0.0,2.0,0.0,0.004866180048661801
1948,Formation,URU,Uruguay,0,61,11,32,312.0,0.0,2.0,0.0,0.004866180048661801
1948,Formation,YUG,Yugoslavia,0,90,8,35,312.0,0.0,2.0,0.0,0.004866180048661801
1948,Formation,BRA,Brazil,0,70,11,41,312.0,0.0,1.0,0.0,0.0024330900243309003
1948,Formation,CUB,Cuba,0,53,12,31,312.0,0.0,1.0,0.0,0.0024330900243309003
1948,Formation,ESP,Spain,0,65,11,37,312.0,0.0,1.0,0.0,0.0024330900243309003
1948,Formation,IND,India,0,79,10,39,312.0,1.0,1.0,0.007246376811594203,0.0024330900243309003
1948,Formation,IRI,Iran,0,36,5,23,312.0,0.0,1.0,0.0,0.0024330900243309003
1948,Formation,PER,Peru,0,41,7,26,312.0,1.0,1.0,0.007246376811594203,0.0024330900243309003
1948,Formation,POL,Poland,0,38,5,28,312.0,0.0,1.0,0.0,0.0024330900243309003
1948,Formation,PUR,Puerto Rico,0,9,3,8,312.0,0.0,1.0,0.0,0.0024330900243309003
1948,Formation,TTO,Trinidad and Tobago,0,5,3,9,312.0,0.0,1.0,0.0,0.0024330900243309003
1948,Formation,AFG,Afghanistan,0,22,2,2,312.0,0.0,0.0,0.0,0.0
1948,Formation,BER,Bermuda,0,12,3,13,312.0,0.0,0.0,0.0,0.0
1948,Formation,CHI,Chile,0,54,9,31,312.0,0.0,0.0,0.0,0.0
1948,Formation,CHN,China,0,31,6,12,312.0,0.0,0.0,0.0,0.0
1948,Formation,COL,Colombia,0,6,3,6,312.0,0.0,0.0,0.0,0.0
1948,Formation,GRE,Greece,0,61,10,44,312.0,0.0,0.0,0.0,0.0
1948,Formation,GUY,Guyana,0,4,3,7,312.0,0.0,0.0,0.0,0.0
1948,Formation,IRL,Ireland,0,73,10,34,312.0,0.0,0.0,0.0,0.0
1948,Formation,IRQ,Iraq,0,11,2,4,312.0,0.0,0.0,0.0,0.0
1948,Formation,ISL,Iceland,0,19,3,18,312.0,0.0,0.0,0.0,0.0
1948,Formation,LIB,Lebanon,0,8,3,9,312.0,0.0,0.0,0.0,0.0
1948,Formation,LIE,Liechtenstein,0,2,1,1,312.0,0.0,0.0,0.0,0.0
1948,Formation,LUX,Luxembourg,0,45,8,32,312.0,0.0,0.0,0.0,0.0
1948,Formation,MLT,Malta,0,1,1,1,312.0,0.0,0.0,0.0,0.0
1948,Formation,MON,Monaco,0,4,1,2,312.0,0.0,0.0,0.0,0.0
1948,Formation,MYA,Myanmar,0,4,3,5,312.0,0.0,0.0,0.0,0.0
1948,Formation,NZL,New Zealand,0,7,5,8,312.0,0.0,0.0,0.0,0.0
1948,Formation,PAK,Pakistan,0,32,6,20,312.0,0.0,0.0,0.0,0.0
1948,Formation,PHI,Philippines,0,26,8,18,312.0,0.0,0.0,0.0,0.0
1948,Formation,SGP,Singapore,0,1,1,1,312.0,0.0,0.0,0.0,0.0
1948,Formation,SRI,Sri Lanka,0,7,2,9,312.0,0.0,0.0,0.0,0.0
1948,Formation,SYR,Syria,0,1,1,1,312.0,0.0,0.0,0.0,0.0
1948,Formation,VEN,Venezuela,0,1,1,2,312.0,0.0,0.0,0.0,0.0
1952,Formation,USA,United States,0,279,18,133,338.0,40.0,76.0,0.2684563758389262,0.1655773420479303
1952,Formation,URS,Soviet Union,0,295,18,141,338.0,22.0,71.0,0.1476510067114094,0.15468409586056645
1952,Formation,HUN,Hungary,0,188,15,107,338.0,16.0,42.0,0.10738255033557047,0.0915032679738562
1952,Formation,SWE,Sweden,0,205,17,124,338.0,12.0,35.0,0.08053691275167785,0.07625272331154684
1952,Formation,GER,Germany,0,205,18,123,338.0,0.0,24.0,0.0,0.05228758169934641
1952,Formation,FIN,Finland,1,258,18,139,338.0,6.0,22.0,0.040268456375838924,0.04793028322440087
1952,Formation,ITA,Italy,0,231,19,114,338.0,8.0,21.0,0.053691275167785234,0.0457516339869281
1952,Formation,FRA,France,0,245,18,131,338.0,6.0,18.0,0.040268456375838924,0.0392156862745098
1952,Formation,SUI,Switzerland,0,157,17,96,338.0,2.0,14.0,0.013422818791946308,0.030501089324618737
1952,Formation,TCH,Czechoslovakia,0,99,11,70,338.0,7.0,13.0,0.04697986577181208,0.02832244008714597
1952,Formation,AUS,Australia,0,81,12,67,338.0,6.0,11.0,0.040268456375838924,0.023965141612200435
1952,Formation,GBR,Great Britain,0,256,18,127,338.0,1.0,11.0,0.006711409395973154,0.023965141612200435
1952,Formation,RSA,South Africa,0,64,13,59,338.0,2.0,10.0,0.013422818791946308,0.02178649237472767
1952,Formation,JPN,Japan,0,69,13,60,338.0,1.0,9.0,0.006711409395973154,0.0196078431372549
1952,Formation,IRI,Iran,0,22,4,22,338.0,0.0,7.0,0.0,0.015250544662309368
1952,Formation,DEN,Denmark,0,128,15,73,338.0,2.0,6.0,0.013422818791946308,0.013071895424836602
1952,Formation,ARG,Argentina,0,123,15,77,338.0,1.0,5.0,0.006711409395973154,0.010893246187363835
1952,Formation,JAM,Jamaica,0,8,2,10,338.0,2.0,5.0,0.013422818791946308,0.010893246187363835
1952,Formation,NED,Netherlands,0,104,14,57,338.0,0.0,5.0,0.0,0.010893246187363835
1952,Formation,NOR,Norway,0,102,14,72,338.0,3.0,5.0,0.020134228187919462,0.010893246187363835
1952,Formation,BEL,Belgium,0,134,16,74,338.0,2.0,4.0,0.013422818791946308,0.008714596949891068
1952,Formation,POL,Poland,0,125,11,74,338.0,1.0,4.0,0.006711409395973154,0.008714596949891068
1952,Formation,ROU,Romania,0,114,15,67,338.0,1.0,4.0,0.006711409395973154,0.008714596949891068
1952,Formation,BRA,Brazil,0,97,14,51,338.0,1.0,3.0,0.006711409395973154,0.006535947712418301
1952,Formation,CAN,Canada,0,107,13,74,338.0,1.0,3.0,0.006711409395973154,0.006535947712418301
1952,Formation,NZL,New Zealand,0,14,5,14,338.0,1.0,3.0,0.006711409395973154,0.006535947712418301
1952,Formation,TUR,Turkey,0,51,4,31,338.0,2.0,3.0,0.013422818791946308,0.006535947712418301
1952,Formation,YUG,Yugoslavia,0,87,11,48,338.0,1.0,3.0,0.006711409395973154,0.006535947712418301
1952,Formation,AUT,Austria,0,112,16,70,338.0,0.0,2.0,0.0,0.004357298474945534
1952,Formation,CHI,Chile,0,59,9,33,338.0,0.0,2.0,0.0,0.004357298474945534
1952,Formation,IND,India,0,64,11,42,338.0,1.0,2.0,0.006711409395973154,0.004357298474945534
1952,Formation,KOR,South Korea,0,19,6,16,338.0,0.0,2.0,0.0,0.004357298474945534
1952,Formation,LIB,Lebanon,0,9,4,8,338.0,0.0,2.0,0.0,0.004357298474945534
1952,Formation,TTO,Trinidad and Tobago,0,2,1,2,338.0,0.0,2.0,0.0,0.004357298474945534
1952,Formation,URU,Uruguay,0,32,9,16,338.0,0.0,2.0,0.0,0.004357298474945534
1952,Formation,BUL,Bulgaria,0,63,8,34,338.0,0.0,1.0,0.0,0.002178649237472767
1952,Formation,EGY,Egypt,0,106,14,65,338.0,0.0,1.0,0.0,0.002178649237472767
1952,Formation,ESP,Spain,0,27,7,21,338.0,0.0,1.0,0.0,0.002178649237472767
1952,Formation,IRL,Ireland,0,19,6,18,338.0,0.0,1.0,0.0,0.002178649237472767
1952,Formation,LUX,Luxembourg,0,44,9,32,338.0,1.0,1.0,0.006711409395973154,0.002178649237472767
1952,Formation,MEX,Mexico,0,64,13,35,338.0,0.0,1.0,0.0,0.002178649237472767
1952,Formation,POR,Portugal,0,71,10,45,338.0,0.0,1.0,0.0,0.002178649237472767
1952,Formation,VEN,Venezuela,0,38,8,37,338.0,0.0,1.0,0.0,0.002178649237472767
1952,Formation,AHO,Netherlands Antilles,0,11,1,1,338.0,0.0,0.0,0.0,0.0
1952,Formation,BAH,Bahamas,0,7,1,3,338.0,0.0,0.0,0.0,0.0
1952,Formation,BER,Bermuda,0,6,3,6,338.0,0.0,0.0,0.0,0.0
1952,Formation,CHN,China,0,1,1,1,338.0,0.0,0.0,0.0,0.0
1952,Formation,CUB,Cuba,0,29,8,23,338.0,0.0,0.0,0.0,0.0
1952,Formation,GHA,Ghana,0,7,1,5,338.0,0.0,0.0,0.0,0.0
1952,Formation,GRE,Greece,0,48,7,24,338.0,0.0,0.0,0.0,0.0
1952,Formation,GUA,Guatemala,0,21,6,26,338.0,0.0,0.0,0.0,0.0
1952,Formation,GUY,Guyana,0,1,1,1,338.0,0.0,0.0,0.0,0.0
1952,Formation,HKG,Hong Kong,0,4,1,6,338.0,0.0,0.0,0.0,0.0
1952,Formation,INA,Indonesia,0,3,3,3,338.0,0.0,0.0,0.0,0.0
1952,Formation,ISL,Iceland,0,9,1,11,338.0,0.0,0.0,0.0,0.0
1952,Formation,ISR,Israel,0,25,5,17,338.0,0.0,0.0,0.0,0.0
1952,Formation,LIE,Liechtenstein,0,2,1,1,338.0,0.0,0.0,0.0,0.0
1952,Formation,MON,Monaco,0,8,2,6,338.0,0.0,0.0,0.0,0.0
1952,Formation,MYA,Myanmar,0,5,2,5,338.0,0.0,0.0,0.0,0.0
1952,Formation,NGR,Nigeria,0,9,1,5,338.0,0.0,0.0,0.0,0.0
1952,Formation,PAK,Pakistan,0,35,7,25,338.0,0.0,0.0,0.0,0.0
1952,Formation,PAN,Panama,0,1,1,1,338.0,0.0,0.0,0.0,0.0
1952,Formation,PHI,Philippines,0,25,7,14,338.0,0.0,0.0,0.0,0.0
1952,Formation,PUR,Puerto Rico,0,21,4,19,338.0,0.0,0.0,0.0,0.0
1952,Formation,SAA,Saar,0,36,9,32,338.0,0.0,0.0,0.0,0.0
1952,Formation,SGP,Singapore,0,5,3,7,338.0,0.0,0.0,0.0,0.0
1952,Formation,SRI,Sri Lanka,0,5,4,7,338.0,0.0,0.0,0.0,0.0
1952,Formation,THA,Thailand,0,8,1,7,338.0,0.0,0.0,0.0,0.0
1952,Formation,VNM,South Vietnam,0,8,5,7,338.0,0.0,0.0,0.0,0.0
1956,Formation,URS,Soviet Union,0,281,18,141,342.0,37.0,98.0,0.24183006535947713,0.208955223880597
1956,Formation,USA,United States,0,300,19,144,342.0,32.0,74.0,0.20915032679738563,0.15778251599147122
1956,Formation,AUS,Australia,1,298,19,143,342.0,13.0,35.0,0.08496732026143791,0.07462686567164178
1956,Formation,HUN,Hungary,0,111,13,82,342.0,9.0,26.0,0.058823529411764705,0.05543710021321962
1956,Formation,ITA,Italy,0,135,14,80,342.0,8.0,25.0,0.05228758169934641,0.053304904051172705
1956,Formation,GBR,Great Britain,0,197,18,113,342.0,6.0,24.0,0.0392156862745098,0.0511727078891258
1956,Formation,JPN,Japan,0,112,14,72,342.0,4.0,19.0,0.026143790849673203,0.04051172707889126
1956,Formation,SWE,Sweden,0,97,15,80,342.0,8.0,19.0,0.05228758169934641,0.04051172707889126
1956,Formation,FIN,Finland,0,71,15,67,342.0,3.0,15.0,0.0196078431372549,0.031982942430703626
1956,Formation,FRA,France,0,145,16,101,342.0,4.0,14.0,0.026143790849673203,0.029850746268656716
1956,Formation,ROU,Romania,0,50,11,39,342.0,5.0,13.0,0.032679738562091505,0.02771855010660981
1956,Formation,POL,Poland,0,64,9,48,342.0,1.0,9.0,0.006535947712418301,0.019189765458422176
1956,Formation,TUR,Turkey,0,19,2,20,342.0,3.0,7.0,0.0196078431372549,0.014925373134328358
1956,Formation,CAN,Canada,0,96,15,84,342.0,2.0,6.0,0.013071895424836602,0.01279317697228145
1956,Formation,TCH,Czechoslovakia,0,63,10,54,342.0,1.0,6.0,0.006535947712418301,0.01279317697228145
1956,Formation,BUL,Bulgaria,0,46,7,31,342.0,1.0,5.0,0.006535947712418301,0.010660980810234541
1956,Formation,IRI,Iran,0,17,3,17,342.0,2.0,5.0,0.013071895424836602,0.010660980810234541
1956,Formation,IRL,Ireland,0,18,5,17,342.0,1.0,5.0,0.006535947712418301,0.010660980810234541
1956,Formation,CHI,Chile,0,33,8,22,342.0,0.0,4.0,0.0,0.008528784648187633
1956,Formation,DEN,Denmark,0,37,11,29,342.0,1.0,4.0,0.006535947712418301,0.008528784648187633
1956,Formation,RSA,South Africa,0,50,10,50,342.0,0.0,4.0,0.0,0.008528784648187633
1956,Formation,NOR,Norway,0,22,6,18,342.0,1.0,3.0,0.006535947712418301,0.006396588486140725
1956,Formation,YUG,Yugoslavia,0,35,8,16,342.0,0.0,3.0,0.0,0.006396588486140725
1956,Formation,ARG,Argentina,0,35,9,32,342.0,0.0,2.0,0.0,0.0042643923240938165
1956,Formation,AUT,Austria,0,34,12,36,342.0,0.0,2.0,0.0,0.0042643923240938165
1956,Formation,BEL,Belgium,0,57,13,39,342.0,0.0,2.0,0.0,0.0042643923240938165
1956,Formation,KOR,South Korea,0,35,7,23,342.0,0.0,2.0,0.0,0.0042643923240938165
1956,Formation,MEX,Mexico,0,24,10,20,342.0,1.0,2.0,0.006535947712418301,0.0042643923240938165
1956,Formation,NZL,New Zealand,0,51,9,28,342.0,2.0,2.0,0.013071895424836602,0.0042643923240938165
1956,Formation,BAH,Bahamas,0,4,2,4,342.0,0.0,1.0,0.0,0.0021321961620469083
1956,Formation,BRA,Brazil,0,47,12,30,342.0,1.0,1.0,0.006535947712418301,0.0021321961620469083
1956,Formation,GRE,Greece,0,13,5,13,342.0,0.0,1.0,0.0,0.0021321961620469083
1956,Formation,IND,India,0,58,8,32,342.0,1.0,1.0,0.006535947712418301,0.0021321961620469083
1956,Formation,ISL,Iceland,0,2,1,2,342.0,0.0,1.0,0.0,0.0021321961620469083
1956,Formation,PAK,Pakistan,0,53,8,43,342.0,0.0,1.0,0.0,0.0021321961620469083
1956,Formation,SUI,Switzerland,0,9,1,6,342.0,0.0,1.0,0.0,0.0021321961620469083
1956,Formation,URU,Uruguay,0,21,5,8,342.0,0.0,1.0,0.0,0.0021321961620469083
1956,Formation,AFG,Afghanistan,0,12,1,1,342.0,0.0,0.0,0.0,0.0
1956,Formation,BER,Bermuda,0,3,1,1,342.0,0.0,0.0,0.0,0.0
1956,Formation,CAM,Cambodia,0,2,1,1,342.0,0.0,0.0,0.0,0.0
1956,Formation,COL,Colombia,0,26,6,23,342.0,0.0,0.0,0.0,0.0
1956,Formation,CUB,Cuba,0,16,5,16,342.0,0.0,0.0,0.0,0.0
1956,Formation,EGY,Egypt,0,3,1,2,342.0,0.0,0.0,0.0,0.0
1956,Formation,ESP,Spain,0,6,1,4,342.0,0.0,0.0,0.0,0.0
1956,Formation,ETH,Ethiopia,0,12,2,10,342.0,0.0,0.0,0.0,0.0
1956,Formation,FIJ,Fiji,0,5,3,4,342.0,0.0,0.0,0.0,0.0
1956,Formation,GER,Germany,0,167,16,100,342.0,0.0,0.0,0.0,0.0
1956,Formation,GUY,Guyana,0,4,2,6,342.0,0.0,0.0,0.0,0.0
1956,Formation,HKG,Hong Kong,0,2,1,3,342.0,0.0,0.0,0.0,0.0
1956,Formation,INA,Indonesia,0,22,6,11,342.0,0.0,0.0,0.0,0.0
1956,Formation,ISR,Israel,0,3,3,3,342.0,0.0,0.0,0.0,0.0
1956,Formation,JAM,Jamaica,0,6,1,6,342.0,0.0,0.0,0.0,0.0
1956,Formation,KEN,Kenya,0,25,4,10,342.0,0.0,0.0,0.0,0.0
1956,Formation,LBR,Liberia,0,4,1,6,342.0,0.0,0.0,0.0,0.0
1956,Formation,LUX,Luxembourg,0,11,5,22,342.0,0.0,0.0,0.0,0.0
1956,Formation,MAL,Malaya,0,32,5,13,342.0,0.0,0.0,0.0,0.0
1956,Formation,MYA,Myanmar,0,11,4,11,342.0,0.0,0.0,0.0,0.0
1956,Formation,NBO,North Borneo,0,2,1,1,342.0,0.0,0.0,0.0,0.0
1956,Formation,NED,Netherlands,0,1,1,1,342.0,0.0,0.0,0.0,0.0
1956,Formation,NGR,Nigeria,0,10,1,6,342.0,0.0,0.0,0.0,0.0
1956,Formation,PER,Peru,0,8,1,5,342.0,0.0,0.0,0.0,0.0
1956,Formation,PHI,Philippines,0,39,7,30,342.0,0.0,0.0,0.0,0.0
1956,Formation,POR,Portugal,0,12,2,7,342.0,0.0,0.0,0.0,0.0
1956,Formation,PUR,Puerto Rico,0,10,2,9,342.0,0.0,0.0,0.0,0.0
1956,Formation,SGP,Singapore,0,48,6,13,342.0,0.0,0.0,0.0,0.0
1956,Formation,SRI,Sri Lanka,0,3,2,3,342.0,0.0,0.0,0.0,0.0
1956,Formation,THA,Thailand,0,35,5,14,342.0,0.0,0.0,0.0,0.0
1956,Formation,TPE,Chinese Taipei,0,20,5,13,342.0,0.0,0.0,0.0,0.0
1956,Formation,TTO,Trinidad and Tobago,0,6,3,7,342.0,0.0,0.0,0.0,0.0
1956,Formation,UGA,Uganda,0,3,1,5,342.0,0.0,0.0,0.0,0.0
1956,Formation,VEN,Venezuela,0,22,5,16,342.0,0.0,0.0,0.0,0.0
1956,Formation,VNM,South Vietnam,0,6,1,4,342.0,0.0,0.0,0.0,0.0
1960,Formation,URS,Soviet Union,0,283,17,145,340.0,43.0,103.0,0.28289473684210525,0.22342733188720174
1960,Formation,USA,United States,0,289,17,147,340.0,34.0,71.0,0.2236842105263158,0.1540130151843818
1960,Formation,ITA,Italy,1,280,19,138,340.0,13.0,36.0,0.08552631578947369,0.07809110629067245
1960,Formation,AUS,Australia,0,189,17,122,340.0,8.0,22.0,0.05263157894736842,0.04772234273318872
1960,Formation,HUN,Hungary,0,183,18,107,340.0,6.0,21.0,0.039473684210526314,0.0455531453362256
1960,Formation,POL,Poland,0,185,17,108,340.0,4.0,21.0,0.02631578947368421,0.0455531453362256
1960,Formation,GBR,Great Britain,0,253,17,130,340.0,2.0,20.0,0.013157894736842105,0.04338394793926247
1960,Formation,JPN,Japan,0,161,17,96,340.0,4.0,18.0,0.02631578947368421,0.039045553145336226
1960,Formation,ROU,Romania,0,98,13,65,340.0,3.0,10.0,0.019736842105263157,0.021691973969631236
1960,Formation,TUR,Turkey,0,49,6,41,340.0,7.0,9.0,0.046052631578947366,0.019522776572668113
1960,Formation,TCH,Czechoslovakia,0,116,13,75,340.0,3.0,8.0,0.019736842105263157,0.01735357917570499
1960,Formation,BUL,Bulgaria,0,97,12,66,340.0,1.0,7.0,0.006578947368421052,0.015184381778741865
1960,Formation,DEN,Denmark,0,99,15,46,340.0,2.0,6.0,0.013157894736842105,0.013015184381778741
1960,Formation,SUI,Switzerland,0,149,16,90,340.0,0.0,6.0,0.0,0.013015184381778741
1960,Formation,SWE,Sweden,0,133,15,100,340.0,1.0,6.0,0.006578947368421052,0.013015184381778741
1960,Formation,FIN,Finland,0,117,14,92,340.0,1.0,5.0,0.006578947368421052,0.010845986984815618
1960,Formation,FRA,France,0,238,19,120,340.0,0.0,5.0,0.0,0.010845986984815618
1960,Formation,BEL,Belgium,0,100,16,64,340.0,0.0,4.0,0.0,0.008676789587852495
1960,Formation,IRI,Iran,0,23,5,24,340.0,0.0,4.0,0.0,0.008676789587852495
1960,Formation,NED,Netherlands,0,110,13,54,340.0,0.0,3.0,0.0,0.006507592190889371
1960,Formation,NZL,New Zealand,0,37,9,28,340.0,2.0,3.0,0.013157894736842105,0.006507592190889371
1960,Formation,RSA,South Africa,0,55,12,46,340.0,0.0,3.0,0.0,0.006507592190889371
1960,Formation,ARG,Argentina,0,92,15,54,340.0,0.0,2.0,0.0,0.004338394793926247
1960,Formation,AUT,Austria,0,103,15,81,340.0,1.0,2.0,0.006578947368421052,0.004338394793926247
1960,Formation,BRA,Brazil,0,72,14,35,340.0,0.0,2.0,0.0,0.004338394793926247
1960,Formation,PAK,Pakistan,0,43,7,35,340.0,1.0,2.0,0.006578947368421052,0.004338394793926247
1960,Formation,YUG,Yugoslavia,0,116,14,64,340.0,1.0,2.0,0.006578947368421052,0.004338394793926247
1960,Formation,CAN,Canada,0,85,14,77,340.0,0.0,1.0,0.0,0.0021691973969631237
1960,Formation,ESP,Spain,0,143,16,83,340.0,0.0,1.0,0.0,0.0021691973969631237
1960,Formation,ETH,Ethiopia,0,10,2,8,340.0,1.0,1.0,0.006578947368421052,0.0021691973969631237
1960,Formation,GHA,Ghana,0,13,2,12,340.0,0.0,1.0,0.0,0.0021691973969631237
1960,Formation,GRE,Greece,0,48,8,38,340.0,1.0,1.0,0.006578947368421052,0.0021691973969631237
1960,Formation,IND,India,0,45,6,20,340.0,0.0,1.0,0.0,0.0021691973969631237
1960,Formation,IRQ,Iraq,0,21,5,23,340.0,0.0,1.0,0.0,0.0021691973969631237
1960,Formation,MAR,Morocco,0,47,10,45,340.0,0.0,1.0,0.0,0.0021691973969631237
1960,Formation,MEX,Mexico,0,69,14,55,340.0,0.0,1.0,0.0,0.0021691973969631237
1960,Formation,NOR,Norway,0,40,11,39,340.0,1.0,1.0,0.006578947368421052,0.0021691973969631237
1960,Formation,POR,Portugal,0,65,11,52,340.0,0.0,1.0,0.0,0.0021691973969631237
1960,Formation,SGP,Singapore,0,5,3,3,340.0,0.0,1.0,0.0,0.0021691973969631237
1960,Formation,USA,United States,0,289,17,147,340.0,0.0,1.0,0.0,0.0021691973969631237
1960,Formation,VEN,Venezuela,0,36,9,26,340.0,0.0,1.0,0.0,0.0021691973969631237
1960,Formation,AFG,Afghanistan,0,12,2,13,340.0,0.0,0.0,0.0,0.0
1960,Formation,AHO,Netherlands Antilles,0,5,1,4,340.0,0.0,0.0,0.0,0.0
1960,Formation,BAH,Bahamas,0,13,2,8,340.0,0.0,0.0,0.0,0.0
1960,Formation,BER,Bermuda,0,9,1,4,340.0,0.0,0.0,0.0,0.0
1960,Formation,CHI,Chile,0,9,3,8,340.0,0.0,0.0,0.0,0.0
1960,Formation,COL,Colombia,0,16,5,13,340.0,0.0,0.0,0.0,0.0
1960,Formation,CUB,Cuba,0,12,8,15,340.0,0.0,0.0,0.0,0.0
1960,Formation,FIJ,Fiji,0,2,1,3,340.0,0.0,0.0,0.0,0.0
1960,Formation,GER,Germany,0,293,17,148,340.0,0.0,0.0,0.0,0.0
1960,Formation,GUY,Guyana,0,5,2,6,340.0,0.0,0.0,0.0,0.0
1960,Formation,HAI,Haiti,0,1,1,1,340.0,0.0,0.0,0.0,0.0
1960,Formation,HKG,Hong Kong,0,4,2,3,340.0,0.0,0.0,0.0,0.0
1960,Formation,INA,Indonesia,0,22,8,17,340.0,0.0,0.0,0.0,0.0
1960,Formation,IRL,Ireland,0,49,8,39,340.0,0.0,0.0,0.0,0.0
1960,Formation,ISL,Iceland,0,9,2,11,340.0,0.0,0.0,0.0,0.0
1960,Formation,ISR,Israel,0,23,7,28,340.0,0.0,0.0,0.0,0.0
1960,Formation,KEN,Kenya,0,27,4,13,340.0,0.0,0.0,0.0,0.0
1960,Formation,KOR,South Korea,0,35,9,38,340.0,0.0,0.0,0.0,0.0
1960,Formation,LBR,Liberia,0,4,1,5,340.0,0.0,0.0,0.0,0.0
1960,Formation,LIB,Lebanon,0,19,6,15,340.0,0.0,0.0,0.0,0.0
1960,Formation,LIE,Liechtenstein,0,5,3,6,340.0,0.0,0.0,0.0,0.0
1960,Formation,LUX,Luxembourg,0,52,10,48,340.0,0.0,0.0,0.0,0.0
1960,Formation,MAL,Malaya,0,9,4,11,340.0,0.0,0.0,0.0,0.0
1960,Formation,MLT,Malta,0,10,4,6,340.0,0.0,0.0,0.0,0.0
1960,Formation,MON,Monaco,0,11,3,6,340.0,0.0,0.0,0.0,0.0
1960,Formation,MYA,Myanmar,0,10,5,9,340.0,0.0,0.0,0.0,0.0
1960,Formation,NGR,Nigeria,0,12,2,12,340.0,0.0,0.0,0.0,0.0
1960,Formation,PAN,Panama,0,6,3,4,340.0,0.0,0.0,0.0,0.0
1960,Formation,PER,Peru,0,31,3,8,340.0,0.0,0.0,0.0,0.0
1960,Formation,PHI,Philippines,0,40,7,27,340.0,0.0,0.0,0.0,0.0
1960,Formation,PUR,Puerto Rico,0,27,6,13,340.0,0.0,0.0,0.0,0.0
1960,Formation,RHO,Rhodesia,0,10,5,11,340.0,0.0,0.0,0.0,0.0
1960,Formation,SMR,San Marino,0,9,3,5,340.0,0.0,0.0,0.0,0.0
1960,Formation,SRI,Sri Lanka,0,5,4,5,340.0,0.0,0.0,0.0,0.0
1960,Formation,SUD,Sudan,0,10,4,10,340.0,0.0,0.0,0.0,0.0
1960,Formation,THA,Thailand,0,20,4,16,340.0,0.0,0.0,0.0,0.0
1960,Formation,TPE,Chinese Taipei,0,27,6,18,340.0,0.0,0.0,0.0,0.0
1960,Formation,TUN,Tunisia,0,42,7,22,340.0,0.0,0.0,0.0,0.0
1960,Formation,UAR,United Arab Republic,0,74,12,34,340.0,0.0,0.0,0.0,0.0
1960,Formation,UGA,Uganda,0,10,2,11,340.0,0.0,0.0,0.0,0.0
1960,Formation,URU,Uruguay,0,34,8,15,340.0,0.0,0.0,0.0,0.0
1960,Formation,VNM,South Vietnam,0,3,2,5,340.0,0.0,0.0,0.0,0.0
1960,Formation,WIF,West Indies Federation,0,13,5,13,340.0,0.0,0.0,0.0,0.0
1960,Formation,ZIM,Zimbabwe,0,4,1,6,340.0,0.0,0.0,0.0,0.0
1964,Formation,URS,Soviet Union,0,316,19,154,370.0,30.0,96.0,0.18404907975460122,0.19047619047619047
1964,Formation,USA,United States,0,344,19,159,370.0,36.0,90.0,0.22085889570552147,0.17857142857142858
1964,Formation,JPN,Japan,1,328,21,155,370.0,16.0,29.0,0.09815950920245399,0.057539682539682536
1964,Formation,ITA,Italy,0,167,18,91,370.0,10.0,27.0,0.06134969325153374,0.05357142857142857
1964,Formation,POL,Poland,0,139,12,87,370.0,7.0,23.0,0.04294478527607362,0.04563492063492063
1964,Formation,HUN,Hungary,0,182,17,111,370.0,10.0,22.0,0.06134969325153374,0.04365079365079365
1964,Formation,AUS,Australia,0,243,19,133,370.0,6.0,18.0,0.03680981595092025,0.03571428571428571
1964,Formation,GBR,Great Britain,0,204,17,124,370.0,4.0,18.0,0.024539877300613498,0.03571428571428571
1964,Formation,FRA,France,0,138,14,89,370.0,1.0,15.0,0.006134969325153374,0.02976190476190476
1964,Formation,TCH,Czechoslovakia,0,104,13,64,370.0,5.0,14.0,0.03067484662576687,0.027777777777777776
1964,Formation,ROU,Romania,0,138,13,76,370.0,2.0,12.0,0.012269938650306749,0.023809523809523808
1964,Formation,BUL,Bulgaria,0,63,9,56,370.0,3.0,10.0,0.018404907975460124,0.01984126984126984
1964,Formation,NED,Netherlands,0,125,12,57,370.0,2.0,10.0,0.012269938650306749,0.01984126984126984
1964,Formation,SWE,Sweden,0,94,13,72,370.0,2.0,8.0,0.012269938650306749,0.015873015873015872
1964,Formation,DEN,Denmark,0,60,10,40,370.0,2.0,6.0,0.012269938650306749,0.011904761904761904
1964,Formation,TUR,Turkey,0,23,4,24,370.0,2.0,6.0,0.012269938650306749,0.011904761904761904
1964,Formation,FIN,Finland,0,89,13,64,370.0,3.0,5.0,0.018404907975460124,0.00992063492063492
1964,Formation,NZL,New Zealand,0,63,11,35,370.0,3.0,5.0,0.018404907975460124,0.00992063492063492
1964,Formation,YUG,Yugoslavia,0,75,9,32,370.0,2.0,5.0,0.012269938650306749,0.00992063492063492
1964,Formation,CAN,Canada,0,115,16,92,370.0,1.0,4.0,0.006134969325153374,0.007936507936507936
1964,Formation,SUI,Switzerland,0,66,13,51,370.0,1.0,4.0,0.006134969325153374,0.007936507936507936
1964,Formation,BEL,Belgium,0,61,13,36,370.0,2.0,3.0,0.012269938650306749,0.005952380952380952
1964,Formation,KOR,South Korea,0,153,17,93,370.0,0.0,3.0,0.0,0.005952380952380952
1964,Formation,TTO,Trinidad and Tobago,0,13,4,10,370.0,0.0,3.0,0.0,0.005952380952380952
1964,Formation,IRI,Iran,0,62,11,58,370.0,0.0,2.0,0.0,0.003968253968253968
1964,Formation,TUN,Tunisia,0,9,3,9,370.0,0.0,2.0,0.0,0.003968253968253968
1964,Formation,ARG,Argentina,0,102,14,78,370.0,0.0,1.0,0.0,0.001984126984126984
1964,Formation,BAH,Bahamas,0,11,2,6,370.0,1.0,1.0,0.006134969325153374,0.001984126984126984
1964,Formation,BRA,Brazil,0,61,11,17,370.0,0.0,1.0,0.0,0.001984126984126984
1964,Formation,CUB,Cuba,0,27,6,24,370.0,0.0,1.0,0.0,0.001984126984126984
1964,Formation,ETH,Ethiopia,0,12,3,11,370.0,1.0,1.0,0.006134969325153374,0.001984126984126984
1964,Formation,GHA,Ghana,0,33,3,18,370.0,0.0,1.0,0.0,0.001984126984126984
1964,Formation,IND,India,0,52,8,42,370.0,1.0,1.0,0.006134969325153374,0.001984126984126984
1964,Formation,IRL,Ireland,0,25,7,23,370.0,0.0,1.0,0.0,0.001984126984126984
1964,Formation,KEN,Kenya,0,37,5,21,370.0,0.0,1.0,0.0,0.001984126984126984
1964,Formation,MEX,Mexico,0,93,15,58,370.0,0.0,1.0,0.0,0.001984126984126984
1964,Formation,NGR,Nigeria,0,18,2,12,370.0,0.0,1.0,0.0,0.001984126984126984
1964,Formation,PAK,Pakistan,0,41,7,29,370.0,0.0,1.0,0.0,0.001984126984126984
1964,Formation,PHI,Philippines,0,47,10,45,370.0,0.0,1.0,0.0,0.001984126984126984
1964,Formation,URU,Uruguay,0,23,4,8,370.0,0.0,1.0,0.0,0.001984126984126984
1964,Formation,AFG,Afghanistan,0,8,1,8,370.0,0.0,0.0,0.0,0.0
1964,Formation,AHO,Netherlands Antilles,0,4,2,4,370.0,0.0,0.0,0.0,0.0
1964,Formation,ALG,Algeria,0,1,1,7,370.0,0.0,0.0,0.0,0.0
1964,Formation,AUT,Austria,0,56,14,54,370.0,0.0,0.0,0.0,0.0
1964,Formation,BER,Bermuda,0,4,1,2,370.0,0.0,0.0,0.0,0.0
1964,Formation,BOL,Bolivia,0,1,1,1,370.0,0.0,0.0,0.0,0.0
1964,Formation,CAM,Cambodia,0,13,3,10,370.0,0.0,0.0,0.0,0.0
1964,Formation,CGO,Congo (Brazzaville),0,2,1,2,370.0,0.0,0.0,0.0,0.0
1964,Formation,CHA,Chad,0,2,1,2,370.0,0.0,0.0,0.0,0.0
1964,Formation,CHI,Chile,0,14,6,13,370.0,0.0,0.0,0.0,0.0
1964,Formation,CIV,Cote d'Ivoire,0,9,2,10,370.0,0.0,0.0,0.0,0.0
1964,Formation,CMR,Cameroon,0,1,1,2,370.0,0.0,0.0,0.0,0.0
1964,Formation,COL,Colombia,0,20,6,19,370.0,0.0,0.0,0.0,0.0
1964,Formation,CRC,Costa Rica,0,2,1,1,370.0,0.0,0.0,0.0,0.0
1964,Formation,DOM,Dominican Republic,0,1,1,1,370.0,0.0,0.0,0.0,0.0
1964,Formation,EGY,Egypt,0,72,9,35,370.0,0.0,0.0,0.0,0.0
1964,Formation,ESP,Spain,0,50,9,35,370.0,0.0,0.0,0.0,0.0
1964,Formation,GER,Germany,0,337,19,159,370.0,0.0,0.0,0.0,0.0
1964,Formation,GRE,Greece,0,18,4,16,370.0,0.0,0.0,0.0,0.0
1964,Formation,GUY,Guyana,0,1,1,1,370.0,0.0,0.0,0.0,0.0
1964,Formation,HKG,Hong Kong,0,39,7,24,370.0,0.0,0.0,0.0,0.0
1964,Formation,IRQ,Iraq,0,13,3,14,370.0,0.0,0.0,0.0,0.0
1964,Formation,ISL,Iceland,0,4,2,5,370.0,0.0,0.0,0.0,0.0
1964,Formation,ISR,Israel,0,10,3,12,370.0,0.0,0.0,0.0,0.0
1964,Formation,JAM,Jamaica,0,21,4,16,370.0,0.0,0.0,0.0,0.0
1964,Formation,LBR,Liberia,0,1,1,2,370.0,0.0,0.0,0.0,0.0
1964,Formation,LIB,Lebanon,0,5,2,3,370.0,0.0,0.0,0.0,0.0
1964,Formation,LIE,Liechtenstein,0,2,1,3,370.0,0.0,0.0,0.0,0.0
1964,Formation,LUX,Luxembourg,0,12,7,18,370.0,0.0,0.0,0.0,0.0
1964,Formation,MAD,Madagascar,0,3,1,4,370.0,0.0,0.0,0.0,0.0
1964,Formation,MAR,Morocco,0,20,4,10,370.0,0.0,0.0,0.0,0.0
1964,Formation,MAS,Malaysia,0,61,10,48,370.0,0.0,0.0,0.0,0.0
1964,Formation,MGL,Mongolia,0,21,5,29,370.0,0.0,0.0,0.0,0.0
1964,Formation,MLI,Mali,0,2,1,2,370.0,0.0,0.0,0.0,0.0
1964,Formation,MON,Monaco,0,1,1,1,370.0,0.0,0.0,0.0,0.0
1964,Formation,MYA,Myanmar,0,11,5,11,370.0,0.0,0.0,0.0,0.0
1964,Formation,NEP,Nepal,0,6,2,5,370.0,0.0,0.0,0.0,0.0
1964,Formation,NIG,Niger,0,1,1,1,370.0,0.0,0.0,0.0,0.0
1964,Formation,NOR,Norway,0,26,6,23,370.0,0.0,0.0,0.0,0.0
1964,Formation,PAN,Panama,0,10,5,10,370.0,0.0,0.0,0.0,0.0
1964,Formation,PER,Peru,0,31,5,19,370.0,0.0,0.0,0.0,0.0
1964,Formation,POR,Portugal,0,20,7,20,370.0,0.0,0.0,0.0,0.0
1964,Formation,PUR,Puerto Rico,0,32,8,29,370.0,0.0,0.0,0.0,0.0
1964,Formation,SEN,Senegal,0,12,1,7,370.0,0.0,0.0,0.0,0.0
1964,Formation,SRI,Sri Lanka,0,6,4,6,370.0,0.0,0.0,0.0,0.0
1964,Formation,TAN,Tanzania,0,4,1,4,370.0,0.0,0.0,0.0,0.0
1964,Formation,THA,Thailand,0,54,8,41,370.0,0.0,0.0,0.0,0.0
1964,Formation,TPE,Chinese Taipei,0,40,7,46,370.0,0.0,0.0,0.0,0.0
1964,Formation,UGA,Uganda,0,13,2,14,370.0,0.0,0.0,0.0,0.0
1964,Formation,VEN,Venezuela,0,16,5,16,370.0,0.0,0.0,0.0,0.0
1964,Formation,VNM,South Vietnam,0,15,5,14,370.0,0.0,0.0,0.0,0.0
1964,Formation,ZAM,Zambia,0,12,5,13,370.0,0.0,0.0,0.0,0.0
1964,Formation,ZIM,Zimbabwe,0,29,7,15,370.0,0.0,0.0,0.0,0.0
1968,Formation,USA,United States,0,355,18,167,386.0,45.0,107.0,0.25862068965517243,0.2030360531309298
1968,Formation,URS,Soviet Union,0,311,18,164,386.0,29.0,91.0,0.16666666666666666,0.17267552182163187
1968,Formation,HUN,Hungary,0,166,15,116,386.0,10.0,32.0,0.05747126436781609,0.06072106261859583
1968,Formation,FRG,West Germany,0,275,17,154,386.0,5.0,26.0,0.028735632183908046,0.04933586337760911
1968,Formation,GDR,East Germany,0,225,18,124,386.0,9.0,25.0,0.05172413793103448,0.04743833017077799
1968,Formation,JPN,Japan,0,171,18,97,386.0,11.0,25.0,0.06321839080459771,0.04743833017077799
1968,Formation,POL,Poland,0,177,16,112,386.0,5.0,18.0,0.028735632183908046,0.03415559772296015
1968,Formation,AUS,Australia,0,128,16,105,386.0,5.0,17.0,0.028735632183908046,0.03225806451612903
1968,Formation,ITA,Italy,0,167,17,103,386.0,3.0,16.0,0.017241379310344827,0.030360531309297913
1968,Formation,FRA,France,0,200,16,107,386.0,7.0,15.0,0.040229885057471264,0.028462998102466792
1968,Formation,ROU,Romania,0,82,9,64,386.0,4.0,15.0,0.022988505747126436,0.028462998102466792
1968,Formation,GBR,Great Britain,0,225,16,133,386.0,5.0,13.0,0.028735632183908046,0.024667931688804556
1968,Formation,TCH,Czechoslovakia,0,121,14,66,386.0,7.0,13.0,0.040229885057471264,0.024667931688804556
1968,Formation,BUL,Bulgaria,0,112,13,69,386.0,2.0,9.0,0.011494252873563218,0.017077798861480076
1968,Formation,KEN,Kenya,0,39,4,22,386.0,3.0,9.0,0.017241379310344827,0.017077798861480076
1968,Formation,MEX,Mexico,1,272,20,146,386.0,3.0,9.0,0.017241379310344827,0.017077798861480076
1968,Formation,DEN,Denmark,0,62,11,53,386.0,1.0,8.0,0.005747126436781609,0.015180265654648957
1968,Formation,YUG,Yugoslavia,0,69,11,54,386.0,3.0,8.0,0.017241379310344827,0.015180265654648957
1968,Formation,NED,Netherlands,0,107,11,52,386.0,3.0,7.0,0.017241379310344827,0.013282732447817837
1968,Formation,CAN,Canada,0,139,14,124,386.0,1.0,5.0,0.005747126436781609,0.009487666034155597
1968,Formation,IRI,Iran,0,14,3,14,386.0,2.0,5.0,0.011494252873563218,0.009487666034155597
1968,Formation,SUI,Switzerland,0,85,12,68,386.0,0.0,5.0,0.0,0.009487666034155597
1968,Formation,AUT,Austria,0,43,12,37,386.0,0.0,4.0,0.0,0.007590132827324478
1968,Formation,CUB,Cuba,0,115,13,78,386.0,0.0,4.0,0.0,0.007590132827324478
1968,Formation,FIN,Finland,0,66,13,61,386.0,1.0,4.0,0.005747126436781609,0.007590132827324478
1968,Formation,MGL,Mongolia,0,16,4,26,386.0,0.0,4.0,0.0,0.007590132827324478
1968,Formation,SWE,Sweden,0,100,13,95,386.0,2.0,4.0,0.011494252873563218,0.007590132827324478
1968,Formation,BRA,Brazil,0,75,13,27,386.0,0.0,3.0,0.0,0.0056925996204933585
1968,Formation,NZL,New Zealand,0,52,8,26,386.0,1.0,3.0,0.005747126436781609,0.0056925996204933585
1968,Formation,ARG,Argentina,0,89,12,60,386.0,0.0,2.0,0.0,0.003795066413662239
1968,Formation,BEL,Belgium,0,82,13,55,386.0,0.0,2.0,0.0,0.003795066413662239
1968,Formation,ETH,Ethiopia,0,18,3,13,386.0,1.0,2.0,0.005747126436781609,0.003795066413662239
1968,Formation,KOR,South Korea,0,54,11,43,386.0,0.0,2.0,0.0,0.003795066413662239
1968,Formation,NOR,Norway,0,46,11,36,386.0,1.0,2.0,0.005747126436781609,0.003795066413662239
1968,Formation,TUN,Tunisia,0,7,2,7,386.0,1.0,2.0,0.005747126436781609,0.003795066413662239
1968,Formation,TUR,Turkey,0,29,4,29,386.0,2.0,2.0,0.011494252873563218,0.003795066413662239
1968,Formation,UGA,Uganda,0,11,2,14,386.0,0.0,2.0,0.0,0.003795066413662239
1968,Formation,CMR,Cameroon,0,5,2,5,386.0,0.0,1.0,0.0,0.0018975332068311196
1968,Formation,GRE,Greece,0,44,7,27,386.0,0.0,1.0,0.0,0.0018975332068311196
1968,Formation,IND,India,0,23,5,11,386.0,0.0,1.0,0.0,0.0018975332068311196
1968,Formation,JAM,Jamaica,0,25,5,21,386.0,0.0,1.0,0.0,0.0018975332068311196
1968,Formation,PAK,Pakistan,0,15,2,3,386.0,1.0,1.0,0.005747126436781609,0.0018975332068311196
1968,Formation,VEN,Venezuela,0,23,5,17,386.0,1.0,1.0,0.005747126436781609,0.0018975332068311196
1968,Formation,AFG,Afghanistan,0,5,1,5,386.0,0.0,0.0,0.0,0.0
1968,Formation,AHO,Netherlands Antilles,0,5,2,4,386.0,0.0,0.0,0.0,0.0
1968,Formation,ALG,Algeria,0,3,2,9,386.0,0.0,0.0,0.0,0.0
1968,Formation,BAH,Bahamas,0,16,3,12,386.0,0.0,0.0,0.0,0.0
1968,Formation,BAR,Barbados,0,9,5,10,386.0,0.0,0.0,0.0,0.0
1968,Formation,BER,Bermuda,0,6,2,4,386.0,0.0,0.0,0.0,0.0
1968,Formation,BIZ,Belize,0,7,4,6,386.0,0.0,0.0,0.0,0.0
1968,Formation,BOL,Bolivia,0,4,3,3,386.0,0.0,0.0,0.0,0.0
1968,Formation,CAF,Central African Republic,0,1,1,1,386.0,0.0,0.0,0.0,0.0
1968,Formation,CHA,Chad,0,3,1,3,386.0,0.0,0.0,0.0,0.0
1968,Formation,CHI,Chile,0,21,4,19,386.0,0.0,0.0,0.0,0.0
1968,Formation,CIV,Cote d'Ivoire,0,10,2,7,386.0,0.0,0.0,0.0,0.0
1968,Formation,COD,Congo (Kinshasa),0,5,1,2,386.0,0.0,0.0,0.0,0.0
1968,Formation,COL,Colombia,0,43,5,33,386.0,0.0,0.0,0.0,0.0
1968,Formation,CRC,Costa Rica,0,18,6,18,386.0,0.0,0.0,0.0,0.0
1968,Formation,DOM,Dominican Republic,0,18,5,16,386.0,0.0,0.0,0.0,0.0
1968,Formation,ECU,Ecuador,0,15,6,21,386.0,0.0,0.0,0.0,0.0
1968,Formation,EGY,Egypt,0,30,7,18,386.0,0.0,0.0,0.0,0.0
1968,Formation,ESA,El Salvador,0,60,7,48,386.0,0.0,0.0,0.0,0.0
1968,Formation,ESP,Spain,0,122,12,50,386.0,0.0,0.0,0.0,0.0
1968,Formation,FIJ,Fiji,0,1,1,1,386.0,0.0,0.0,0.0,0.0
1968,Formation,GHA,Ghana,0,31,3,18,386.0,0.0,0.0,0.0,0.0
1968,Formation,GUA,Guatemala,0,48,8,37,386.0,0.0,0.0,0.0,0.0
1968,Formation,GUI,Guinea,0,14,1,1,386.0,0.0,0.0,0.0,0.0
1968,Formation,GUY,Guyana,0,5,4,6,386.0,0.0,0.0,0.0,0.0
1968,Formation,HKG,Hong Kong,0,11,3,12,386.0,0.0,0.0,0.0,0.0
1968,Formation,HON,Honduras,0,6,1,4,386.0,0.0,0.0,0.0,0.0
1968,Formation,INA,Indonesia,0,6,2,5,386.0,0.0,0.0,0.0,0.0
1968,Formation,IRL,Ireland,0,31,7,32,386.0,0.0,0.0,0.0,0.0
1968,Formation,IRQ,Iraq,0,3,3,4,386.0,0.0,0.0,0.0,0.0
1968,Formation,ISL,Iceland,0,8,3,15,386.0,0.0,0.0,0.0,0.0
1968,Formation,ISR,Israel,0,29,4,20,386.0,0.0,0.0,0.0,0.0
1968,Formation,ISV,United States Virgin Islands,0,6,3,5,386.0,0.0,0.0,0.0,0.0
1968,Formation,KUW,Kuwait,0,2,1,1,386.0,0.0,0.0,0.0,0.0
1968,Formation,LBA,Libya,0,1,1,1,386.0,0.0,0.0,0.0,0.0
1968,Formation,LIB,Lebanon,0,11,6,13,386.0,0.0,0.0,0.0,0.0
1968,Formation,LIE,Liechtenstein,0,2,1,3,386.0,0.0,0.0,0.0,0.0
1968,Formation,LUX,Luxembourg,0,5,5,7,386.0,0.0,0.0,0.0,0.0
1968,Formation,MAD,Madagascar,0,4,2,6,386.0,0.0,0.0,0.0,0.0
1968,Formation,MAR,Morocco,0,25,4,14,386.0,0.0,0.0,0.0,0.0
1968,Formation,MAS,Malaysia,0,31,4,14,386.0,0.0,0.0,0.0,0.0
1968,Formation,MLI,Mali,0,2,2,2,386.0,0.0,0.0,0.0,0.0
1968,Formation,MLT,Malta,0,1,1,1,386.0,0.0,0.0,0.0,0.0
1968,Formation,MON,Monaco,0,2,1,1,386.0,0.0,0.0,0.0,0.0
1968,Formation,MYA,Myanmar,0,4,2,3,386.0,0.0,0.0,0.0,0.0
1968,Formation,NCA,Nicaragua,0,11,3,15,386.0,0.0,0.0,0.0,0.0
1968,Formation,NGR,Nigeria,0,36,3,18,386.0,0.0,0.0,0.0,0.0
1968,Formation,NIG,Niger,0,2,1,2,386.0,0.0,0.0,0.0,0.0
1968,Formation,PAN,Panama,0,16,3,5,386.0,0.0,0.0,0.0,0.0
1968,Formation,PAR,Paraguay,0,1,1,1,386.0,0.0,0.0,0.0,0.0
1968,Formation,PER,Peru,0,28,8,21,386.0,0.0,0.0,0.0,0.0
1968,Formation,PHI,Philippines,0,49,10,53,386.0,0.0,0.0,0.0,0.0
1968,Formation,POR,Portugal,0,20,6,24,386.0,0.0,0.0,0.0,0.0
1968,Formation,PUR,Puerto Rico,0,58,10,54,386.0,0.0,0.0,0.0,0.0
1968,Formation,SEN,Senegal,0,21,2,9,386.0,0.0,0.0,0.0,0.0
1968,Formation,SGP,Singapore,0,4,3,6,386.0,0.0,0.0,0.0,0.0
1968,Formation,SLE,Sierra Leone,0,3,2,4,386.0,0.0,0.0,0.0,0.0
1968,Formation,SMR,San Marino,0,4,2,2,386.0,0.0,0.0,0.0,0.0
1968,Formation,SRI,Sri Lanka,0,3,3,3,386.0,0.0,0.0,0.0,0.0
1968,Formation,SUD,Sudan,0,5,2,7,386.0,0.0,0.0,0.0,0.0
1968,Formation,SUR,Suriname,0,1,1,1,386.0,0.0,0.0,0.0,0.0
1968,Formation,SYR,Syria,0,2,1,2,386.0,0.0,0.0,0.0,0.0
1968,Formation,TAN,Tanzania,0,4,2,5,386.0,0.0,0.0,0.0,0.0
1968,Formation,THA,Thailand,0,41,6,18,386.0,0.0,0.0,0.0,0.0
1968,Formation,TPE,Chinese Taipei,0,43,8,57,386.0,0.0,0.0,0.0,0.0
1968,Formation,TTO,Trinidad and Tobago,0,19,5,14,386.0,0.0,0.0,0.0,0.0
1968,Formation,URU,Uruguay,0,27,8,31,386.0,0.0,0.0,0.0,0.0
1968,Formation,VNM,South Vietnam,0,9,5,7,386.0,0.0,0.0,0.0,0.0
1968,Formation,ZAM,Zambia,0,7,2,5,386.0,0.0,0.0,0.0,0.0
1972,Formation,URS,Soviet Union,0,371,22,180,439.0,50.0,99.0,0.2564102564102564,0.165
1972,Formation,USA,United States,0,397,21,185,439.0,33.0,94.0,0.16923076923076924,0.15666666666666668
1972,Formation,GDR,East Germany,0,297,18,161,439.0,20.0,66.0,0.10256410256410256,0.11
1972,Formation,FRG,West Germany,1,424,23,183,439.0,13.0,40.0,0.06666666666666667,0.06666666666666667
1972,Formation,HUN,Hungary,0,226,20,134,439.0,6.0,35.0,0.03076923076923077,0.058333333333333334
1972,Formation,JPN,Japan,0,184,21,113,439.0,13.0,29.0,0.06666666666666667,0.04833333333333333
1972,Formation,BUL,Bulgaria,0,129,15,92,439.0,6.0,21.0,0.03076923076923077,0.035
1972,Formation,POL,Poland,0,290,22,150,439.0,7.0,21.0,0.035897435897435895,0.035
1972,Formation,GBR,Great Britain,0,284,18,159,439.0,4.0,18.0,0.020512820512820513,0.03
1972,Formation,ITA,Italy,0,223,19,123,439.0,5.0,18.0,0.02564102564102564,0.03
1972,Formation,AUS,Australia,0,168,20,110,439.0,8.0,17.0,0.041025641025641026,0.028333333333333332
1972,Formation,ROU,Romania,0,159,16,102,439.0,3.0,16.0,0.015384615384615385,0.02666666666666667
1972,Formation,SWE,Sweden,0,131,18,90,439.0,4.0,16.0,0.020512820512820513,0.02666666666666667
1972,Formation,FRA,France,0,227,18,132,439.0,2.0,13.0,0.010256410256410256,0.021666666666666667
1972,Formation,KEN,Kenya,0,57,4,29,439.0,2.0,9.0,0.010256410256410256,0.015
1972,Formation,CUB,Cuba,0,137,14,69,439.0,3.0,8.0,0.015384615384615385,0.013333333333333334
1972,Formation,FIN,Finland,0,96,16,75,439.0,3.0,8.0,0.015384615384615385,0.013333333333333334
1972,Formation,TCH,Czechoslovakia,0,181,17,93,439.0,2.0,8.0,0.010256410256410256,0.013333333333333334
1972,Formation,CAN,Canada,0,207,18,136,439.0,0.0,5.0,0.0,0.008333333333333333
1972,Formation,NED,Netherlands,0,119,16,72,439.0,3.0,5.0,0.015384615384615385,0.008333333333333333
1972,Formation,PRK,North Korea,0,37,10,23,439.0,1.0,5.0,0.005128205128205128,0.008333333333333333
1972,Formation,YUG,Yugoslavia,0,126,15,73,439.0,2.0,5.0,0.010256410256410256,0.008333333333333333
1972,Formation,NOR,Norway,0,112,15,70,439.0,2.0,4.0,0.010256410256410256,0.006666666666666667
1972,Formation,AUT,Austria,0,111,15,68,439.0,0.0,3.0,0.0,0.005
1972,Formation,COL,Colombia,0,59,8,39,439.0,0.0,3.0,0.0,0.005
1972,Formation,IRI,Iran,0,48,7,33,439.0,0.0,3.0,0.0,0.005
1972,Formation,NZL,New Zealand,0,89,14,63,439.0,1.0,3.0,0.005128205128205128,0.005
1972,Formation,SUI,Switzerland,0,151,17,116,439.0,0.0,3.0,0.0,0.005
1972,Formation,BEL,Belgium,0,88,14,51,439.0,0.0,2.0,0.0,0.0033333333333333335
1972,Formation,BRA,Brazil,0,80,13,44,439.0,0.0,2.0,0.0,0.0033333333333333335
1972,Formation,ETH,Ethiopia,0,31,3,20,439.0,0.0,2.0,0.0,0.0033333333333333335
1972,Formation,GRE,Greece,0,60,9,46,439.0,0.0,2.0,0.0,0.0033333333333333335
1972,Formation,UGA,Uganda,0,33,3,19,439.0,1.0,2.0,0.005128205128205128,0.0033333333333333335
1972,Formation,ARG,Argentina,0,92,12,62,439.0,0.0,1.0,0.0,0.0016666666666666668
1972,Formation,DEN,Denmark,0,126,17,73,439.0,1.0,1.0,0.005128205128205128,0.0016666666666666668
1972,Formation,ESP,Spain,0,122,17,59,439.0,0.0,1.0,0.0,0.0016666666666666668
1972,Formation,GHA,Ghana,0,35,3,17,439.0,0.0,1.0,0.0,0.0016666666666666668
1972,Formation,IND,India,0,41,7,27,439.0,0.0,1.0,0.0,0.0016666666666666668
1972,Formation,JAM,Jamaica,0,32,6,27,439.0,0.0,1.0,0.0,0.0016666666666666668
1972,Formation,KOR,South Korea,0,42,8,24,439.0,0.0,1.0,0.0,0.0016666666666666668
1972,Formation,LIB,Lebanon,0,19,9,23,439.0,0.0,1.0,0.0,0.0016666666666666668
1972,Formation,MEX,Mexico,0,171,20,112,439.0,0.0,1.0,0.0,0.0016666666666666668
1972,Formation,MGL,Mongolia,0,39,7,39,439.0,0.0,1.0,0.0,0.0016666666666666668
1972,Formation,NGR,Nigeria,0,25,2,24,439.0,0.0,1.0,0.0,0.0016666666666666668
1972,Formation,NIG,Niger,0,4,1,4,439.0,0.0,1.0,0.0,0.0016666666666666668
1972,Formation,PAK,Pakistan,0,24,5,12,439.0,0.0,1.0,0.0,0.0016666666666666668
1972,Formation,TUN,Tunisia,0,35,5,11,439.0,0.0,1.0,0.0,0.0016666666666666668
1972,Formation,TUR,Turkey,0,43,8,43,439.0,0.0,1.0,0.0,0.0016666666666666668
1972,Formation,AFG,Afghanistan,0,8,1,8,439.0,0.0,0.0,0.0,0.0
1972,Formation,AHO,Netherlands Antilles,0,2,2,2,439.0,0.0,0.0,0.0,0.0
1972,Formation,ALB,Albania,0,5,2,3,439.0,0.0,0.0,0.0,0.0
1972,Formation,ALG,Algeria,0,5,2,5,439.0,0.0,0.0,0.0,0.0
1972,Formation,BAH,Bahamas,0,20,4,13,439.0,0.0,0.0,0.0,0.0
1972,Formation,BAR,Barbados,0,13,4,13,439.0,0.0,0.0,0.0,0.0
1972,Formation,BEN,Benin,0,3,2,3,439.0,0.0,0.0,0.0,0.0
1972,Formation,BER,Bermuda,0,9,3,4,439.0,0.0,0.0,0.0,0.0
1972,Formation,BIZ,Belize,0,1,1,2,439.0,0.0,0.0,0.0,0.0
1972,Formation,BOL,Bolivia,0,11,3,9,439.0,0.0,0.0,0.0,0.0
1972,Formation,BUR,Burkina Faso,0,1,1,1,439.0,0.0,0.0,0.0,0.0
1972,Formation,CAM,Cambodia,0,9,3,14,439.0,0.0,0.0,0.0,0.0
1972,Formation,CGO,Congo (Brazzaville),0,6,1,5,439.0,0.0,0.0,0.0,0.0
1972,Formation,CHA,Chad,0,4,2,4,439.0,0.0,0.0,0.0,0.0
1972,Formation,CHI,Chile,0,11,5,9,439.0,0.0,0.0,0.0,0.0
1972,Formation,CIV,Cote d'Ivoire,0,11,2,7,439.0,0.0,0.0,0.0,0.0
1972,Formation,CMR,Cameroon,0,11,3,12,439.0,0.0,0.0,0.0,0.0
1972,Formation,CRC,Costa Rica,0,3,3,4,439.0,0.0,0.0,0.0,0.0
1972,Formation,DOM,Dominican Republic,0,5,3,4,439.0,0.0,0.0,0.0,0.0
1972,Formation,ECU,Ecuador,0,2,2,4,439.0,0.0,0.0,0.0,0.0
1972,Formation,EGY,Egypt,0,23,5,16,439.0,0.0,0.0,0.0,0.0
1972,Formation,ESA,El Salvador,0,11,2,12,439.0,0.0,0.0,0.0,0.0
1972,Formation,FIJ,Fiji,0,2,1,4,439.0,0.0,0.0,0.0,0.0
1972,Formation,GAB,Gabon,0,1,1,1,439.0,0.0,0.0,0.0,0.0
1972,Formation,GUA,Guatemala,0,8,3,10,439.0,0.0,0.0,0.0,0.0
1972,Formation,GUY,Guyana,0,3,2,4,439.0,0.0,0.0,0.0,0.0
1972,Formation,HAI,Haiti,0,7,1,7,439.0,0.0,0.0,0.0,0.0
1972,Formation,HKG,Hong Kong,0,10,5,13,439.0,0.0,0.0,0.0,0.0
1972,Formation,INA,Indonesia,0,6,5,7,439.0,0.0,0.0,0.0,0.0
1972,Formation,IRL,Ireland,0,59,12,54,439.0,0.0,0.0,0.0,0.0
1972,Formation,ISL,Iceland,0,25,4,16,439.0,0.0,0.0,0.0,0.0
1972,Formation,ISR,Israel,0,14,7,14,439.0,0.0,0.0,0.0,0.0
1972,Formation,ISV,United States Virgin Islands,0,16,4,9,439.0,0.0,0.0,0.0,0.0
1972,Formation,KSA,Saudi Arabia,0,10,1,11,439.0,0.0,0.0,0.0,0.0
1972,Formation,KUW,Kuwait,0,4,2,4,439.0,0.0,0.0,0.0,0.0
1972,Formation,LBR,Liberia,0,5,1,5,439.0,0.0,0.0,0.0,0.0
1972,Formation,LES,Lesotho,0,1,1,2,439.0,0.0,0.0,0.0,0.0
1972,Formation,LIE,Liechtenstein,0,6,4,11,439.0,0.0,0.0,0.0,0.0
1972,Formation,LUX,Luxembourg,0,11,5,8,439.0,0.0,0.0,0.0,0.0
1972,Formation,MAD,Madagascar,0,11,2,10,439.0,0.0,0.0,0.0,0.0
1972,Formation,MAR,Morocco,0,35,5,19,439.0,0.0,0.0,0.0,0.0
1972,Formation,MAS,Malaysia,0,44,6,20,439.0,0.0,0.0,0.0,0.0
1972,Formation,MAW,Malawi,0,16,3,17,439.0,0.0,0.0,0.0,0.0
1972,Formation,MLI,Mali,0,3,2,3,439.0,0.0,0.0,0.0,0.0
1972,Formation,MLT,Malta,0,5,2,2,439.0,0.0,0.0,0.0,0.0
1972,Formation,MON,Monaco,0,5,2,4,439.0,0.0,0.0,0.0,0.0
1972,Formation,MYA,Myanmar,0,17,4,7,439.0,0.0,0.0,0.0,0.0
1972,Formation,NCA,Nicaragua,0,8,3,10,439.0,0.0,0.0,0.0,0.0
1972,Formation,NEP,Nepal,0,2,1,1,439.0,0.0,0.0,0.0,0.0
1972,Formation,PAN,Panama,0,7,4,8,439.0,0.0,0.0,0.0,0.0
1972,Formation,PAR,Paraguay,0,3,2,3,439.0,0.0,0.0,0.0,0.0
1972,Formation,PER,Peru,0,20,7,25,439.0,0.0,0.0,0.0,0.0
1972,Formation,PHI,Philippines,0,53,11,47,439.0,0.0,0.0,0.0,0.0
1972,Formation,POR,Portugal,0,29,8,28,439.0,0.0,0.0,0.0,0.0
1972,Formation,PUR,Puerto Rico,0,53,10,37,439.0,0.0,0.0,0.0,0.0
1972,Formation,SEN,Senegal,0,38,5,23,439.0,0.0,0.0,0.0,0.0
1972,Formation,SGP,Singapore,0,7,3,12,439.0,0.0,0.0,0.0,0.0
1972,Formation,SMR,San Marino,0,7,2,4,439.0,0.0,0.0,0.0,0.0
1972,Formation,SOM,Somalia,0,3,1,4,439.0,0.0,0.0,0.0,0.0
1972,Formation,SRI,Sri Lanka,0,4,2,6,439.0,0.0,0.0,0.0,0.0
1972,Formation,SUD,Sudan,0,26,4,15,439.0,0.0,0.0,0.0,0.0
1972,Formation,SUR,Suriname,0,2,2,3,439.0,0.0,0.0,0.0,0.0
1972,Formation,SWZ,Swaziland,0,2,2,4,439.0,0.0,0.0,0.0,0.0
1972,Formation,SYR,Syria,0,5,3,4,439.0,0.0,0.0,0.0,0.0
1972,Formation,TAN,Tanzania,0,15,2,16,439.0,0.0,0.0,0.0,0.0
1972,Formation,THA,Thailand,0,33,7,21,439.0,0.0,0.0,0.0,0.0
1972,Formation,TOG,Togo,0,7,3,5,439.0,0.0,0.0,0.0,0.0
1972,Formation,TPE,Chinese Taipei,0,21,10,41,439.0,0.0,0.0,0.0,0.0
1972,Formation,TTO,Trinidad and Tobago,0,19,4,16,439.0,0.0,0.0,0.0,0.0
1972,Formation,URU,Uruguay,0,13,5,12,439.0,0.0,0.0,0.0,0.0
1972,Formation,VEN,Venezuela,0,23,4,27,439.0,0.0,0.0,0.0,0.0
1972,Formation,VNM,South Vietnam,0,2,1,1,439.0,0.0,0.0,0.0,0.0
1972,Formation,ZAM,Zambia,0,11,2,12,439.0,0.0,0.0,0.0,0.0
1976,Formation,URS,Soviet Union,0,408,22,189,444.0,49.0,125.0,0.2474747474747475,0.2039151712887439
1976,Formation,USA,United States,0,391,19,189,444.0,34.0,94.0,0.1717171717171717,0.1533442088091354
1976,Formation,GDR,East Germany,0,267,17,139,444.0,40.0,90.0,0.20202020202020202,0.1468189233278956
1976,Formation,FRG,West Germany,0,290,20,163,444.0,10.0,39.0,0.050505050505050504,0.0636215334420881
1976,Formation,ROU,Romania,0,157,11,92,444.0,4.0,27.0,0.020202020202020204,0.04404567699836868
1976,Formation,POL,Poland,0,207,18,116,444.0,7.0,26.0,0.03535353535353535,0.04241435562805873
1976,Formation,JPN,Japan,0,213,20,119,444.0,9.0,25.0,0.045454545454545456,0.040783034257748776
1976,Formation,BUL,Bulgaria,0,155,14,108,444.0,6.0,22.0,0.030303030303030304,0.03588907014681892
1976,Formation,HUN,Hungary,0,177,17,109,444.0,4.0,22.0,0.020202020202020204,0.03588907014681892
1976,Formation,CUB,Cuba,0,156,14,76,444.0,6.0,13.0,0.030303030303030304,0.021207177814029365
1976,Formation,GBR,Great Britain,0,242,17,148,444.0,3.0,13.0,0.015151515151515152,0.021207177814029365
1976,Formation,ITA,Italy,0,209,20,122,444.0,2.0,13.0,0.010101010101010102,0.021207177814029365
1976,Formation,CAN,Canada,1,385,23,173,444.0,0.0,11.0,0.0,0.01794453507340946
1976,Formation,FRA,France,0,206,18,128,444.0,2.0,9.0,0.010101010101010102,0.01468189233278956
1976,Formation,TCH,Czechoslovakia,0,163,16,79,444.0,2.0,8.0,0.010101010101010102,0.013050570962479609
1976,Formation,YUG,Yugoslavia,0,88,14,52,444.0,2.0,8.0,0.010101010101010102,0.013050570962479609
1976,Formation,BEL,Belgium,0,101,16,80,444.0,0.0,6.0,0.0,0.009787928221859706
1976,Formation,FIN,Finland,0,83,14,63,444.0,4.0,6.0,0.020202020202020204,0.009787928221859706
1976,Formation,KOR,South Korea,0,50,5,27,444.0,1.0,6.0,0.005050505050505051,0.009787928221859706
1976,Formation,AUS,Australia,0,180,20,115,444.0,0.0,5.0,0.0,0.008156606851549755
1976,Formation,NED,Netherlands,0,108,11,58,444.0,0.0,5.0,0.0,0.008156606851549755
1976,Formation,SWE,Sweden,0,116,16,90,444.0,4.0,5.0,0.020202020202020204,0.008156606851549755
1976,Formation,NZL,New Zealand,0,80,13,52,444.0,2.0,4.0,0.010101010101010102,0.0065252854812398045
1976,Formation,SUI,Switzerland,0,50,12,41,444.0,1.0,4.0,0.005050505050505051,0.0065252854812398045
1976,Formation,DEN,Denmark,0,66,15,40,444.0,1.0,3.0,0.005050505050505051,0.004893964110929853
1976,Formation,BRA,Brazil,0,79,12,47,444.0,0.0,2.0,0.0,0.0032626427406199023
1976,Formation,ESP,Spain,0,113,14,68,444.0,0.0,2.0,0.0,0.0032626427406199023
1976,Formation,IRI,Iran,0,84,9,50,444.0,0.0,2.0,0.0,0.0032626427406199023
1976,Formation,JAM,Jamaica,0,20,3,18,444.0,1.0,2.0,0.005050505050505051,0.0032626427406199023
1976,Formation,MEX,Mexico,0,96,17,54,444.0,1.0,2.0,0.005050505050505051,0.0032626427406199023
1976,Formation,NOR,Norway,0,66,11,44,444.0,1.0,2.0,0.005050505050505051,0.0032626427406199023
1976,Formation,POR,Portugal,0,19,6,27,444.0,0.0,2.0,0.0,0.0032626427406199023
1976,Formation,PRK,North Korea,0,38,8,21,444.0,1.0,2.0,0.005050505050505051,0.0032626427406199023
1976,Formation,AUT,Austria,0,60,15,44,444.0,0.0,1.0,0.0,0.0016313213703099511
1976,Formation,BER,Bermuda,0,16,3,12,444.0,0.0,1.0,0.0,0.0016313213703099511
1976,Formation,MGL,Mongolia,0,32,5,29,444.0,0.0,1.0,0.0,0.0016313213703099511
1976,Formation,PAK,Pakistan,0,24,5,9,444.0,0.0,1.0,0.0,0.0016313213703099511
1976,Formation,PUR,Puerto Rico,0,80,12,74,444.0,0.0,1.0,0.0,0.0016313213703099511
1976,Formation,THA,Thailand,0,42,11,33,444.0,0.0,1.0,0.0,0.0016313213703099511
1976,Formation,TTO,Trinidad and Tobago,0,13,3,10,444.0,1.0,1.0,0.005050505050505051,0.0016313213703099511
1976,Formation,VEN,Venezuela,0,32,6,35,444.0,0.0,1.0,0.0,0.0016313213703099511
1976,Formation,AHO,Netherlands Antilles,0,4,2,4,444.0,0.0,0.0,0.0,0.0
1976,Formation,AND,Andorra,0,3,2,2,444.0,0.0,0.0,0.0,0.0
1976,Formation,ANT,Antigua and Barbuda,0,10,2,11,444.0,0.0,0.0,0.0,0.0
1976,Formation,ARG,Argentina,0,69,12,50,444.0,0.0,0.0,0.0,0.0
1976,Formation,BAH,Bahamas,0,11,3,13,444.0,0.0,0.0,0.0,0.0
1976,Formation,BAR,Barbados,0,11,2,11,444.0,0.0,0.0,0.0,0.0
1976,Formation,BIZ,Belize,0,4,2,4,444.0,0.0,0.0,0.0,0.0
1976,Formation,BOL,Bolivia,0,4,4,5,444.0,0.0,0.0,0.0,0.0
1976,Formation,CAY,Cayman Islands,0,2,1,1,444.0,0.0,0.0,0.0,0.0
1976,Formation,CHI,Chile,0,7,4,8,444.0,0.0,0.0,0.0,0.0
1976,Formation,CIV,Cote d'Ivoire,0,8,1,8,444.0,0.0,0.0,0.0,0.0
1976,Formation,CMR,Cameroon,0,4,1,1,444.0,0.0,0.0,0.0,0.0
1976,Formation,COL,Colombia,0,35,7,30,444.0,0.0,0.0,0.0,0.0
1976,Formation,CRC,Costa Rica,0,5,4,9,444.0,0.0,0.0,0.0,0.0
1976,Formation,DOM,Dominican Republic,0,10,3,10,444.0,0.0,0.0,0.0,0.0
1976,Formation,ECU,Ecuador,0,5,4,8,444.0,0.0,0.0,0.0,0.0
1976,Formation,EGY,Egypt,0,26,4,7,444.0,0.0,0.0,0.0,0.0
1976,Formation,FIJ,Fiji,0,2,1,5,444.0,0.0,0.0,0.0,0.0
1976,Formation,GRE,Greece,0,36,8,34,444.0,0.0,0.0,0.0,0.0
1976,Formation,GUA,Guatemala,0,28,5,8,444.0,0.0,0.0,0.0,0.0
1976,Formation,HAI,Haiti,0,13,2,14,444.0,0.0,0.0,0.0,0.0
1976,Formation,HKG,Hong Kong,0,25,6,27,444.0,0.0,0.0,0.0,0.0
1976,Formation,HON,Honduras,0,3,1,2,444.0,0.0,0.0,0.0,0.0
1976,Formation,INA,Indonesia,0,7,5,11,444.0,0.0,0.0,0.0,0.0
1976,Formation,IND,India,0,26,5,10,444.0,0.0,0.0,0.0,0.0
1976,Formation,IRL,Ireland,0,44,10,34,444.0,0.0,0.0,0.0,0.0
1976,Formation,ISL,Iceland,0,13,4,22,444.0,0.0,0.0,0.0,0.0
1976,Formation,ISR,Israel,0,26,10,19,444.0,0.0,0.0,0.0,0.0
1976,Formation,ISV,United States Virgin Islands,0,21,6,21,444.0,0.0,0.0,0.0,0.0
1976,Formation,KSA,Saudi Arabia,0,14,1,13,444.0,0.0,0.0,0.0,0.0
1976,Formation,KUW,Kuwait,0,15,4,13,444.0,0.0,0.0,0.0,0.0
1976,Formation,LIB,Lebanon,0,3,3,4,444.0,0.0,0.0,0.0,0.0
1976,Formation,LIE,Liechtenstein,0,6,2,9,444.0,0.0,0.0,0.0,0.0
1976,Formation,LUX,Luxembourg,0,8,4,7,444.0,0.0,0.0,0.0,0.0
1976,Formation,MAR,Morocco,0,9,2,9,444.0,0.0,0.0,0.0,0.0
1976,Formation,MAS,Malaysia,0,23,5,9,444.0,0.0,0.0,0.0,0.0
1976,Formation,MON,Monaco,0,8,3,6,444.0,0.0,0.0,0.0,0.0
1976,Formation,NCA,Nicaragua,0,15,6,19,444.0,0.0,0.0,0.0,0.0
1976,Formation,NEP,Nepal,0,1,1,1,444.0,0.0,0.0,0.0,0.0
1976,Formation,PAN,Panama,0,8,5,13,444.0,0.0,0.0,0.0,0.0
1976,Formation,PAR,Paraguay,0,4,4,6,444.0,0.0,0.0,0.0,0.0
1976,Formation,PER,Peru,0,13,2,3,444.0,0.0,0.0,0.0,0.0
1976,Formation,PHI,Philippines,0,14,6,21,444.0,0.0,0.0,0.0,0.0
1976,Formation,PNG,Papua New Guinea,0,6,3,8,444.0,0.0,0.0,0.0,0.0
1976,Formation,SEN,Senegal,0,21,4,27,444.0,0.0,0.0,0.0,0.0
1976,Formation,SGP,Singapore,0,4,4,4,444.0,0.0,0.0,0.0,0.0
1976,Formation,SMR,San Marino,0,10,3,7,444.0,0.0,0.0,0.0,0.0
1976,Formation,SUR,Suriname,0,3,2,4,444.0,0.0,0.0,0.0,0.0
1976,Formation,TUN,Tunisia,0,15,3,5,444.0,0.0,0.0,0.0,0.0
1976,Formation,TUR,Turkey,0,27,8,27,444.0,0.0,0.0,0.0,0.0
1976,Formation,URU,Uruguay,0,9,5,9,444.0,0.0,0.0,0.0,0.0
1980,Formation,URS,Soviet Union,1,489,23,202,454.0,80.0,195.0,0.39215686274509803,0.3090332805071315
1980,Formation,GDR,East Germany,0,346,17,167,454.0,47.0,126.0,0.23039215686274508,0.19968304278922344
1980,Formation,BUL,Bulgaria,0,270,20,151,454.0,8.0,41.0,0.0392156862745098,0.06497622820919176
1980,Formation,HUN,Hungary,0,260,21,151,454.0,7.0,32.0,0.03431372549019608,0.05071315372424723
1980,Formation,POL,Poland,0,305,21,162,454.0,3.0,32.0,0.014705882352941176,0.05071315372424723
1980,Formation,ROU,Romania,0,226,20,135,454.0,6.0,25.0,0.029411764705882353,0.039619651347068144
1980,Formation,GBR,Great Britain,0,219,14,145,454.0,5.0,21.0,0.024509803921568627,0.03328050713153724
1980,Formation,CUB,Cuba,0,203,19,92,454.0,8.0,20.0,0.0392156862745098,0.03169572107765452
1980,Formation,ITA,Italy,0,159,19,88,454.0,8.0,15.0,0.0392156862745098,0.02377179080824089
1980,Formation,FRA,France,0,121,13,85,454.0,6.0,14.0,0.029411764705882353,0.022187004754358162
1980,Formation,TCH,Czechoslovakia,0,209,21,114,454.0,2.0,14.0,0.00980392156862745,0.022187004754358162
1980,Formation,SWE,Sweden,0,144,18,102,454.0,3.0,12.0,0.014705882352941176,0.01901743264659271
1980,Formation,AUS,Australia,0,120,17,92,454.0,2.0,9.0,0.00980392156862745,0.014263074484944533
1980,Formation,YUG,Yugoslavia,0,164,17,69,454.0,2.0,9.0,0.00980392156862745,0.014263074484944533
1980,Formation,FIN,Finland,0,105,16,71,454.0,3.0,8.0,0.014705882352941176,0.012678288431061807
1980,Formation,ESP,Spain,0,155,18,75,454.0,1.0,6.0,0.004901960784313725,0.009508716323296355
1980,Formation,DEN,Denmark,0,58,13,30,454.0,2.0,5.0,0.00980392156862745,0.00792393026941363
1980,Formation,PRK,North Korea,0,47,8,40,454.0,0.0,5.0,0.0,0.00792393026941363
1980,Formation,AUT,Austria,0,83,16,51,454.0,1.0,4.0,0.004901960784313725,0.006339144215530904
1980,Formation,BRA,Brazil,0,106,14,72,454.0,2.0,4.0,0.00980392156862745,0.006339144215530904
1980,Formation,ETH,Ethiopia,0,41,3,26,454.0,2.0,4.0,0.00980392156862745,0.006339144215530904
1980,Formation,MEX,Mexico,0,45,12,43,454.0,0.0,4.0,0.0,0.006339144215530904
1980,Formation,MGL,Mongolia,0,43,8,41,454.0,0.0,4.0,0.0,0.006339144215530904
1980,Formation,GRE,Greece,0,41,8,31,454.0,1.0,3.0,0.004901960784313725,0.004754358161648178
1980,Formation,JAM,Jamaica,0,18,2,15,454.0,0.0,3.0,0.0,0.004754358161648178
1980,Formation,NED,Netherlands,0,75,10,56,454.0,0.0,3.0,0.0,0.004754358161648178
1980,Formation,IRL,Ireland,0,47,11,38,454.0,0.0,2.0,0.0,0.003169572107765452
1980,Formation,SUI,Switzerland,0,73,10,45,454.0,2.0,2.0,0.00980392156862745,0.003169572107765452
1980,Formation,TAN,Tanzania,0,41,3,22,454.0,0.0,2.0,0.0,0.003169572107765452
1980,Formation,BEL,Belgium,0,59,10,51,454.0,1.0,1.0,0.004901960784313725,0.001584786053882726
1980,Formation,GUY,Guyana,0,8,3,10,454.0,0.0,1.0,0.0,0.001584786053882726
1980,Formation,IND,India,0,71,8,30,454.0,1.0,1.0,0.004901960784313725,0.001584786053882726
1980,Formation,LIB,Lebanon,0,15,8,16,454.0,0.0,1.0,0.0,0.001584786053882726
1980,Formation,UGA,Uganda,0,13,2,12,454.0,0.0,1.0,0.0,0.001584786053882726
1980,Formation,VEN,Venezuela,0,37,7,20,454.0,0.0,1.0,0.0,0.001584786053882726
1980,Formation,ZIM,Zimbabwe,0,42,10,30,454.0,1.0,1.0,0.004901960784313725,0.001584786053882726
1980,Formation,AFG,Afghanistan,0,11,2,11,454.0,0.0,0.0,0.0,0.0
1980,Formation,ALG,Algeria,0,54,9,28,454.0,0.0,0.0,0.0,0.0
1980,Formation,AND,Andorra,0,2,1,1,454.0,0.0,0.0,0.0,0.0
1980,Formation,ANG,Angola,0,11,3,14,454.0,0.0,0.0,0.0,0.0
1980,Formation,BEN,Benin,0,16,2,17,454.0,0.0,0.0,0.0,0.0
1980,Formation,BOT,Botswana,0,7,1,8,454.0,0.0,0.0,0.0,0.0
1980,Formation,CGO,Congo (Brazzaville),0,23,3,8,454.0,0.0,0.0,0.0,0.0
1980,Formation,CMR,Cameroon,0,25,5,23,454.0,0.0,0.0,0.0,0.0
1980,Formation,COL,Colombia,0,23,3,7,454.0,0.0,0.0,0.0,0.0
1980,Formation,CRC,Costa Rica,0,29,5,18,454.0,0.0,0.0,0.0,0.0
1980,Formation,CYP,Cyprus,0,14,3,13,454.0,0.0,0.0,0.0,0.0
1980,Formation,DOM,Dominican Republic,0,6,4,7,454.0,0.0,0.0,0.0,0.0
1980,Formation,ECU,Ecuador,0,12,5,13,454.0,0.0,0.0,0.0,0.0
1980,Formation,GUA,Guatemala,0,10,5,7,454.0,0.0,0.0,0.0,0.0
1980,Formation,GUI,Guinea,0,9,3,10,454.0,0.0,0.0,0.0,0.0
1980,Formation,IRQ,Iraq,0,43,5,26,454.0,0.0,0.0,0.0,0.0
1980,Formation,ISL,Iceland,0,9,3,11,454.0,0.0,0.0,0.0,0.0
1980,Formation,JOR,Jordan,0,4,1,3,454.0,0.0,0.0,0.0,0.0
1980,Formation,KUW,Kuwait,0,56,7,26,454.0,0.0,0.0,0.0,0.0
1980,Formation,LAO,Laos,0,19,3,16,454.0,0.0,0.0,0.0,0.0
1980,Formation,LBA,Libya,0,29,5,20,454.0,0.0,0.0,0.0,0.0
1980,Formation,LES,Lesotho,0,5,1,6,454.0,0.0,0.0,0.0,0.0
1980,Formation,LUX,Luxembourg,0,3,3,4,454.0,0.0,0.0,0.0,0.0
1980,Formation,MAD,Madagascar,0,11,4,18,454.0,0.0,0.0,0.0,0.0
1980,Formation,MLI,Mali,0,7,3,7,454.0,0.0,0.0,0.0,0.0
1980,Formation,MLT,Malta,0,8,3,5,454.0,0.0,0.0,0.0,0.0
1980,Formation,MOZ,Mozambique,0,14,2,16,454.0,0.0,0.0,0.0,0.0
1980,Formation,MYA,Myanmar,0,2,2,2,454.0,0.0,0.0,0.0,0.0
1980,Formation,NCA,Nicaragua,0,5,3,6,454.0,0.0,0.0,0.0,0.0
1980,Formation,NEP,Nepal,0,10,3,9,454.0,0.0,0.0,0.0,0.0
1980,Formation,NGR,Nigeria,0,44,5,22,454.0,0.0,0.0,0.0,0.0
1980,Formation,NZL,New Zealand,0,4,2,5,454.0,0.0,0.0,0.0,0.0
1980,Formation,PER,Peru,0,28,5,26,454.0,0.0,0.0,0.0,0.0
1980,Formation,POR,Portugal,0,11,6,17,454.0,0.0,0.0,0.0,0.0
1980,Formation,PUR,Puerto Rico,0,3,1,3,454.0,0.0,0.0,0.0,0.0
1980,Formation,SEN,Senegal,0,32,4,22,454.0,0.0,0.0,0.0,0.0
1980,Formation,SEY,Seychelles,0,11,2,15,454.0,0.0,0.0,0.0,0.0
1980,Formation,SLE,Sierra Leone,0,14,2,16,454.0,0.0,0.0,0.0,0.0
1980,Formation,SMR,San Marino,0,16,5,10,454.0,0.0,0.0,0.0,0.0
1980,Formation,SRI,Sri Lanka,0,4,1,1,454.0,0.0,0.0,0.0,0.0
1980,Formation,SYR,Syria,0,67,7,55,454.0,0.0,0.0,0.0,0.0
1980,Formation,TTO,Trinidad and Tobago,0,9,1,5,454.0,0.0,0.0,0.0,0.0
1980,Formation,VIE,Vietnam,0,29,4,31,454.0,0.0,0.0,0.0,0.0
1980,Formation,ZAM,Zambia,0,37,4,25,454.0,0.0,0.0,0.0,0.0
1984,Formation,USA,United States,1,519,25,217,492.0,83.0,174.0,0.3672566371681416,0.25290697674418605
1984,Formation,FRG,West Germany,0,389,25,194,492.0,17.0,59.0,0.0752212389380531,0.08575581395348837
1984,Formation,ROU,Romania,0,124,13,86,492.0,20.0,53.0,0.08849557522123894,0.07703488372093023
1984,Formation,CAN,Canada,0,408,23,193,492.0,10.0,44.0,0.04424778761061947,0.06395348837209303
1984,Formation,GBR,Great Britain,0,337,20,190,492.0,5.0,37.0,0.022123893805309734,0.05377906976744186
1984,Formation,CHN,China,0,215,19,105,492.0,15.0,32.0,0.06637168141592921,0.046511627906976744
1984,Formation,ITA,Italy,0,268,23,151,492.0,14.0,32.0,0.061946902654867256,0.046511627906976744
1984,Formation,JPN,Japan,0,226,22,147,492.0,10.0,32.0,0.04424778761061947,0.046511627906976744
1984,Formation,FRA,France,0,238,21,139,492.0,5.0,28.0,0.022123893805309734,0.040697674418604654
1984,Formation,AUS,Australia,0,242,22,137,492.0,4.0,24.0,0.017699115044247787,0.03488372093023256
1984,Formation,KOR,South Korea,0,174,19,96,492.0,6.0,19.0,0.02654867256637168,0.027616279069767442
1984,Formation,SWE,Sweden,0,172,19,138,492.0,2.0,19.0,0.008849557522123894,0.027616279069767442
1984,Formation,YUG,Yugoslavia,0,139,16,53,492.0,7.0,18.0,0.030973451327433628,0.02616279069767442
1984,Formation,NED,Netherlands,0,135,15,74,492.0,5.0,13.0,0.022123893805309734,0.0188953488372093
1984,Formation,FIN,Finland,0,86,15,76,492.0,4.0,12.0,0.017699115044247787,0.01744186046511628
1984,Formation,NZL,New Zealand,0,130,18,76,492.0,8.0,11.0,0.035398230088495575,0.015988372093023256
1984,Formation,BRA,Brazil,0,147,17,82,492.0,1.0,8.0,0.004424778761061947,0.011627906976744186
1984,Formation,SUI,Switzerland,0,129,18,91,492.0,0.0,8.0,0.0,0.011627906976744186
1984,Formation,DEN,Denmark,0,60,11,33,492.0,0.0,6.0,0.0,0.00872093023255814
1984,Formation,MEX,Mexico,0,98,18,87,492.0,2.0,6.0,0.008849557522123894,0.00872093023255814
1984,Formation,ESP,Spain,0,179,23,104,492.0,1.0,5.0,0.004424778761061947,0.007267441860465116
1984,Formation,BEL,Belgium,0,63,14,48,492.0,1.0,4.0,0.004424778761061947,0.005813953488372093
1984,Formation,AUT,Austria,0,102,18,72,492.0,1.0,3.0,0.004424778761061947,0.00436046511627907
1984,Formation,JAM,Jamaica,0,45,5,35,492.0,0.0,3.0,0.0,0.00436046511627907
1984,Formation,KEN,Kenya,0,61,5,33,492.0,1.0,3.0,0.004424778761061947,0.00436046511627907
1984,Formation,NOR,Norway,0,103,17,76,492.0,0.0,3.0,0.0,0.00436046511627907
1984,Formation,POR,Portugal,0,38,11,32,492.0,1.0,3.0,0.004424778761061947,0.00436046511627907
1984,Formation,TUR,Turkey,0,46,10,49,492.0,0.0,3.0,0.0,0.00436046511627907
1984,Formation,VEN,Venezuela,0,26,10,29,492.0,0.0,3.0,0.0,0.00436046511627907
1984,Formation,ALG,Algeria,0,33,4,17,492.0,0.0,2.0,0.0,0.0029069767441860465
1984,Formation,GRE,Greece,0,63,11,49,492.0,0.0,2.0,0.0,0.0029069767441860465
1984,Formation,MAR,Morocco,0,34,6,18,492.0,2.0,2.0,0.008849557522123894,0.0029069767441860465
1984,Formation,NGR,Nigeria,0,32,4,24,492.0,0.0,2.0,0.0,0.0029069767441860465
1984,Formation,PUR,Puerto Rico,0,51,13,45,492.0,0.0,2.0,0.0,0.0029069767441860465
1984,Formation,CIV,Cote d'Ivoire,0,15,4,14,492.0,0.0,1.0,0.0,0.0014534883720930232
1984,Formation,CMR,Cameroon,0,46,6,32,492.0,0.0,1.0,0.0,0.0014534883720930232
1984,Formation,COL,Colombia,0,39,8,34,492.0,0.0,1.0,0.0,0.0014534883720930232
1984,Formation,DOM,Dominican Republic,0,19,7,20,492.0,0.0,1.0,0.0,0.0014534883720930232
1984,Formation,EGY,Egypt,0,113,15,74,492.0,0.0,1.0,0.0,0.0014534883720930232
1984,Formation,IRL,Ireland,0,42,10,35,492.0,0.0,1.0,0.0,0.0014534883720930232
1984,Formation,ISL,Iceland,0,30,5,17,492.0,0.0,1.0,0.0,0.0014534883720930232
1984,Formation,PAK,Pakistan,0,31,5,15,492.0,1.0,1.0,0.004424778761061947,0.0014534883720930232
1984,Formation,PER,Peru,0,35,10,29,492.0,0.0,1.0,0.0,0.0014534883720930232
1984,Formation,SYR,Syria,0,9,5,9,492.0,0.0,1.0,0.0,0.0014534883720930232
1984,Formation,THA,Thailand,0,35,5,25,492.0,0.0,1.0,0.0,0.0014534883720930232
1984,Formation,TPE,Chinese Taipei,0,38,12,40,492.0,0.0,1.0,0.0,0.0014534883720930232
1984,Formation,ZAM,Zambia,0,16,3,18,492.0,0.0,1.0,0.0,0.0014534883720930232
1984,Formation,AHO,Netherlands Antilles,0,8,3,10,492.0,0.0,0.0,0.0,0.0
1984,Formation,AND,Andorra,0,2,1,1,492.0,0.0,0.0,0.0,0.0
1984,Formation,ANT,Antigua and Barbuda,0,14,3,17,492.0,0.0,0.0,0.0,0.0
1984,Formation,ARG,Argentina,0,81,14,70,492.0,0.0,0.0,0.0,0.0
1984,Formation,BAH,Bahamas,0,22,4,23,492.0,0.0,0.0,0.0,0.0
1984,Formation,BAN,Bangladesh,0,1,1,2,492.0,0.0,0.0,0.0,0.0
1984,Formation,BAR,Barbados,0,16,6,16,492.0,0.0,0.0,0.0,0.0
1984,Formation,BEN,Benin,0,3,1,3,492.0,0.0,0.0,0.0,0.0
1984,Formation,BER,Bermuda,0,12,5,10,492.0,0.0,0.0,0.0,0.0
1984,Formation,BHU,Bhutan,0,6,1,2,492.0,0.0,0.0,0.0,0.0
1984,Formation,BIZ,Belize,0,11,3,7,492.0,0.0,0.0,0.0,0.0
1984,Formation,BOL,Bolivia,0,11,6,11,492.0,0.0,0.0,0.0,0.0
1984,Formation,BOT,Botswana,0,7,2,6,492.0,0.0,0.0,0.0,0.0
1984,Formation,BRN,Bahrain,0,10,4,8,492.0,0.0,0.0,0.0,0.0
1984,Formation,CAF,Central African Republic,0,3,2,3,492.0,0.0,0.0,0.0,0.0
1984,Formation,CAY,Cayman Islands,0,8,2,7,492.0,0.0,0.0,0.0,0.0
1984,Formation,CGO,Congo (Brazzaville),0,9,2,10,492.0,0.0,0.0,0.0,0.0
1984,Formation,CHA,Chad,0,3,1,3,492.0,0.0,0.0,0.0,0.0
1984,Formation,CHI,Chile,0,52,8,25,492.0,0.0,0.0,0.0,0.0
1984,Formation,COD,Congo (Kinshasa),0,8,2,9,492.0,0.0,0.0,0.0,0.0
1984,Formation,CRC,Costa Rica,0,28,5,16,492.0,0.0,0.0,0.0,0.0
1984,Formation,CYP,Cyprus,0,10,4,9,492.0,0.0,0.0,0.0,0.0
1984,Formation,DJI,Djibouti,0,3,1,1,492.0,0.0,0.0,0.0,0.0
1984,Formation,ECU,Ecuador,0,11,6,14,492.0,0.0,0.0,0.0,0.0
1984,Formation,ESA,El Salvador,0,10,5,15,492.0,0.0,0.0,0.0,0.0
1984,Formation,FIJ,Fiji,0,14,5,22,492.0,0.0,0.0,0.0,0.0
1984,Formation,GAB,Gabon,0,4,2,4,492.0,0.0,0.0,0.0,0.0
1984,Formation,GAM,Gambia,0,10,1,9,492.0,0.0,0.0,0.0,0.0
1984,Formation,GEQ,Equatorial Guinea,0,4,1,5,492.0,0.0,0.0,0.0,0.0
1984,Formation,GHA,Ghana,0,21,2,17,492.0,0.0,0.0,0.0,0.0
1984,Formation,GRN,Grenada,0,6,2,6,492.0,0.0,0.0,0.0,0.0
1984,Formation,GUA,Guatemala,0,24,9,40,492.0,0.0,0.0,0.0,0.0
1984,Formation,GUI,Guinea,0,1,1,1,492.0,0.0,0.0,0.0,0.0
1984,Formation,GUY,Guyana,0,10,3,12,492.0,0.0,0.0,0.0,0.0
1984,Formation,HAI,Haiti,0,3,2,2,492.0,0.0,0.0,0.0,0.0
1984,Formation,HKG,Hong Kong,0,47,10,47,492.0,0.0,0.0,0.0,0.0
1984,Formation,HON,Honduras,0,10,3,20,492.0,0.0,0.0,0.0,0.0
1984,Formation,INA,Indonesia,0,16,6,16,492.0,0.0,0.0,0.0,0.0
1984,Formation,IND,India,0,47,7,30,492.0,0.0,0.0,0.0,0.0
1984,Formation,IRQ,Iraq,0,22,4,11,492.0,0.0,0.0,0.0,0.0
1984,Formation,ISR,Israel,0,32,11,46,492.0,0.0,0.0,0.0,0.0
1984,Formation,ISV,United States Virgin Islands,0,29,7,31,492.0,0.0,0.0,0.0,0.0
1984,Formation,IVB,British Virgin Islands,0,9,2,7,492.0,0.0,0.0,0.0,0.0
1984,Formation,JOR,Jordan,0,13,3,12,492.0,0.0,0.0,0.0,0.0
1984,Formation,KSA,Saudi Arabia,0,37,5,11,492.0,0.0,0.0,0.0,0.0
1984,Formation,KUW,Kuwait,0,23,5,17,492.0,0.0,0.0,0.0,0.0
1984,Formation,LBR,Liberia,0,7,1,7,492.0,0.0,0.0,0.0,0.0
1984,Formation,LES,Lesotho,0,4,2,4,492.0,0.0,0.0,0.0,0.0
1984,Formation,LIB,Lebanon,0,22,9,20,492.0,0.0,0.0,0.0,0.0
1984,Formation,LIE,Liechtenstein,0,7,3,7,492.0,0.0,0.0,0.0,0.0
1984,Formation,LUX,Luxembourg,0,5,3,4,492.0,0.0,0.0,0.0,0.0
1984,Formation,MAD,Madagascar,0,5,2,5,492.0,0.0,0.0,0.0,0.0
1984,Formation,MAS,Malaysia,0,21,5,12,492.0,0.0,0.0,0.0,0.0
1984,Formation,MAW,Malawi,0,15,3,16,492.0,0.0,0.0,0.0,0.0
1984,Formation,MLI,Mali,0,4,3,5,492.0,0.0,0.0,0.0,0.0
1984,Formation,MLT,Malta,0,7,5,6,492.0,0.0,0.0,0.0,0.0
1984,Formation,MON,Monaco,0,8,5,7,492.0,0.0,0.0,0.0,0.0
1984,Formation,MOZ,Mozambique,0,9,2,11,492.0,0.0,0.0,0.0,0.0
1984,Formation,MRI,Mauritius,0,4,1,7,492.0,0.0,0.0,0.0,0.0
1984,Formation,MTN,Mauritania,0,2,1,2,492.0,0.0,0.0,0.0,0.0
1984,Formation,MYA,Myanmar,0,1,1,1,492.0,0.0,0.0,0.0,0.0
1984,Formation,NCA,Nicaragua,0,5,2,5,492.0,0.0,0.0,0.0,0.0
1984,Formation,NEP,Nepal,0,10,3,8,492.0,0.0,0.0,0.0,0.0
1984,Formation,NIG,Niger,0,4,2,4,492.0,0.0,0.0,0.0,0.0
1984,Formation,OMA,Oman,0,15,3,14,492.0,0.0,0.0,0.0,0.0
1984,Formation,PAN,Panama,0,8,5,10,492.0,0.0,0.0,0.0,0.0
1984,Formation,PAR,Paraguay,0,14,4,15,492.0,0.0,0.0,0.0,0.0
1984,Formation,PHI,Philippines,0,19,6,28,492.0,0.0,0.0,0.0,0.0
1984,Formation,PNG,Papua New Guinea,0,7,2,12,492.0,0.0,0.0,0.0,0.0
1984,Formation,QAT,Qatar,0,24,3,8,492.0,0.0,0.0,0.0,0.0
1984,Formation,RWA,Rwanda,0,3,1,6,492.0,0.0,0.0,0.0,0.0
1984,Formation,SAM,Samoa,0,8,3,9,492.0,0.0,0.0,0.0,0.0
1984,Formation,SEN,Senegal,0,24,5,21,492.0,0.0,0.0,0.0,0.0
1984,Formation,SEY,Seychelles,0,9,2,15,492.0,0.0,0.0,0.0,0.0
1984,Formation,SGP,Singapore,0,5,2,7,492.0,0.0,0.0,0.0,0.0
1984,Formation,SLE,Sierra Leone,0,7,2,6,492.0,0.0,0.0,0.0,0.0
1984,Formation,SMR,San Marino,0,19,7,26,492.0,0.0,0.0,0.0,0.0
1984,Formation,SOL,Solomon Islands,0,3,2,3,492.0,0.0,0.0,0.0,0.0
1984,Formation,SOM,Somalia,0,7,1,6,492.0,0.0,0.0,0.0,0.0
1984,Formation,SRI,Sri Lanka,0,4,3,5,492.0,0.0,0.0,0.0,0.0
1984,Formation,SUD,Sudan,0,7,2,9,492.0,0.0,0.0,0.0,0.0
1984,Formation,SUR,Suriname,0,5,3,7,492.0,0.0,0.0,0.0,0.0
1984,Formation,SWZ,Swaziland,0,8,4,11,492.0,0.0,0.0,0.0,0.0
1984,Formation,TAN,Tanzania,0,18,2,14,492.0,0.0,0.0,0.0,0.0
1984,Formation,TGA,Tonga,0,7,1,7,492.0,0.0,0.0,0.0,0.0
1984,Formation,TOG,Togo,0,6,2,6,492.0,0.0,0.0,0.0,0.0
1984,Formation,TTO,Trinidad and Tobago,0,16,5,14,492.0,0.0,0.0,0.0,0.0
1984,Formation,TUN,Tunisia,0,23,6,17,492.0,0.0,0.0,0.0,0.0
1984,Formation,UAE,United Arab Emirates,0,7,1,8,492.0,0.0,0.0,0.0,0.0
1984,Formation,UGA,Uganda,0,26,5,24,492.0,0.0,0.0,0.0,0.0
1984,Formation,URU,Uruguay,0,18,5,11,492.0,0.0,0.0,0.0,0.0
1984,Formation,YAR,North Yemen,0,2,1,3,492.0,0.0,0.0,0.0,0.0
1984,Formation,ZIM,Zimbabwe,0,15,5,18,492.0,0.0,0.0,0.0,0.0
1988,Formation,URS,Soviet Union,0,479,27,221,528.0,55.0,132.0,0.22821576763485477,0.17861975642760486
1988,Formation,GDR,East Germany,0,259,16,157,528.0,37.0,102.0,0.15352697095435686,0.13802435723951287
1988,Formation,USA,United States,0,526,27,230,528.0,36.0,94.0,0.14937759336099585,0.12719891745602166
1988,Formation,FRG,West Germany,0,347,24,194,528.0,11.0,40.0,0.04564315352697095,0.05412719891745602
1988,Formation,BUL,Bulgaria,0,172,16,120,528.0,10.0,35.0,0.04149377593360996,0.04736129905277402
1988,Formation,KOR,South Korea,1,399,27,218,528.0,12.0,33.0,0.04979253112033195,0.044654939106901215
1988,Formation,CHN,China,0,271,25,150,528.0,5.0,28.0,0.02074688796680498,0.037889039242219216
1988,Formation,GBR,Great Britain,0,345,22,191,528.0,5.0,24.0,0.02074688796680498,0.03247631935047361
1988,Formation,ROU,Romania,0,68,10,59,528.0,7.0,24.0,0.029045643153526972,0.03247631935047361
1988,Formation,HUN,Hungary,0,188,20,135,528.0,11.0,23.0,0.04564315352697095,0.03112313937753721
1988,Formation,FRA,France,0,266,23,167,528.0,6.0,16.0,0.024896265560165973,0.02165087956698241
1988,Formation,POL,Poland,0,143,19,105,528.0,2.0,16.0,0.008298755186721992,0.02165087956698241
1988,Formation,AUS,Australia,0,252,24,145,528.0,3.0,14.0,0.012448132780082987,0.018944519621109608
1988,Formation,ITA,Italy,0,253,23,140,528.0,6.0,14.0,0.024896265560165973,0.018944519621109608
1988,Formation,JPN,Japan,0,255,23,166,528.0,4.0,14.0,0.016597510373443983,0.018944519621109608
1988,Formation,NZL,New Zealand,0,83,16,58,528.0,3.0,13.0,0.012448132780082987,0.017591339648173207
1988,Formation,YUG,Yugoslavia,0,155,18,72,528.0,3.0,12.0,0.012448132780082987,0.016238159675236806
1988,Formation,SWE,Sweden,0,182,23,113,528.0,0.0,11.0,0.0,0.014884979702300407
1988,Formation,CAN,Canada,0,328,23,193,528.0,3.0,10.0,0.012448132780082987,0.013531799729364006
1988,Formation,KEN,Kenya,0,74,7,50,528.0,5.0,9.0,0.02074688796680498,0.012178619756427604
1988,Formation,NED,Netherlands,0,147,17,86,528.0,2.0,9.0,0.008298755186721992,0.012178619756427604
1988,Formation,TCH,Czechoslovakia,0,163,17,97,528.0,3.0,8.0,0.012448132780082987,0.010825439783491205
1988,Formation,BRA,Brazil,0,157,21,106,528.0,1.0,6.0,0.004149377593360996,0.008119079837618403
1988,Formation,NOR,Norway,0,69,11,42,528.0,2.0,5.0,0.008298755186721992,0.006765899864682003
1988,Formation,DEN,Denmark,0,78,15,73,528.0,2.0,4.0,0.008298755186721992,0.005412719891745603
1988,Formation,ESP,Spain,0,226,24,130,528.0,1.0,4.0,0.004149377593360996,0.005412719891745603
1988,Formation,FIN,Finland,0,78,15,66,528.0,1.0,4.0,0.004149377593360996,0.005412719891745603
1988,Formation,SUI,Switzerland,0,99,17,83,528.0,0.0,4.0,0.0,0.005412719891745603
1988,Formation,MAR,Morocco,0,27,4,25,528.0,1.0,3.0,0.004149377593360996,0.0040595399188092015
1988,Formation,ARG,Argentina,0,118,18,53,528.0,0.0,2.0,0.0,0.0027063599458728013
1988,Formation,BEL,Belgium,0,59,16,65,528.0,0.0,2.0,0.0,0.0027063599458728013
1988,Formation,JAM,Jamaica,0,35,5,22,528.0,0.0,2.0,0.0,0.0027063599458728013
1988,Formation,MEX,Mexico,0,81,17,82,528.0,0.0,2.0,0.0,0.0027063599458728013
1988,Formation,TUR,Turkey,0,41,9,40,528.0,1.0,2.0,0.004149377593360996,0.0027063599458728013
1988,Formation,AHO,Netherlands Antilles,0,3,3,4,528.0,0.0,1.0,0.0,0.0013531799729364006
1988,Formation,AUT,Austria,0,73,17,62,528.0,1.0,1.0,0.004149377593360996,0.0013531799729364006
1988,Formation,CHI,Chile,0,17,6,14,528.0,0.0,1.0,0.0,0.0013531799729364006
1988,Formation,COL,Colombia,0,40,10,34,528.0,0.0,1.0,0.0,0.0013531799729364006
1988,Formation,CRC,Costa Rica,0,16,6,18,528.0,0.0,1.0,0.0,0.0013531799729364006
1988,Formation,DJI,Djibouti,0,6,2,5,528.0,0.0,1.0,0.0,0.0013531799729364006
1988,Formation,GRE,Greece,0,56,12,43,528.0,0.0,1.0,0.0,0.0013531799729364006
1988,Formation,INA,Indonesia,0,29,11,32,528.0,0.0,1.0,0.0,0.0013531799729364006
1988,Formation,IRI,Iran,0,23,3,21,528.0,0.0,1.0,0.0,0.0013531799729364006
1988,Formation,ISV,United States Virgin Islands,0,22,6,27,528.0,0.0,1.0,0.0,0.0013531799729364006
1988,Formation,MGL,Mongolia,0,28,5,28,528.0,0.0,1.0,0.0,0.0013531799729364006
1988,Formation,PAK,Pakistan,0,30,6,15,528.0,0.0,1.0,0.0,0.0013531799729364006
1988,Formation,PER,Peru,0,21,7,15,528.0,0.0,1.0,0.0,0.0013531799729364006
1988,Formation,PHI,Philippines,0,31,11,40,528.0,0.0,1.0,0.0,0.0013531799729364006
1988,Formation,POR,Portugal,0,65,14,59,528.0,1.0,1.0,0.004149377593360996,0.0013531799729364006
1988,Formation,SEN,Senegal,0,23,4,23,528.0,0.0,1.0,0.0,0.0013531799729364006
1988,Formation,SUR,Suriname,0,6,4,10,528.0,1.0,1.0,0.004149377593360996,0.0013531799729364006
1988,Formation,THA,Thailand,0,14,4,12,528.0,0.0,1.0,0.0,0.0013531799729364006
1988,Formation,AFG,Afghanistan,0,5,1,5,528.0,0.0,0.0,0.0,0.0
1988,Formation,ALG,Algeria,0,42,7,29,528.0,0.0,0.0,0.0,0.0
1988,Formation,AND,Andorra,0,3,2,3,528.0,0.0,0.0,0.0,0.0
1988,Formation,ANG,Angola,0,24,4,27,528.0,0.0,0.0,0.0,0.0
1988,Formation,ANT,Antigua and Barbuda,0,15,4,19,528.0,0.0,0.0,0.0,0.0
1988,Formation,ARU,Aruba,0,8,5,10,528.0,0.0,0.0,0.0,0.0
1988,Formation,ASA,American Samoa,0,6,4,6,528.0,0.0,0.0,0.0,0.0
1988,Formation,BAH,Bahamas,0,16,5,15,528.0,0.0,0.0,0.0,0.0
1988,Formation,BAN,Bangladesh,0,6,2,8,528.0,0.0,0.0,0.0,0.0
1988,Formation,BAR,Barbados,0,17,7,20,528.0,0.0,0.0,0.0,0.0
1988,Formation,BEN,Benin,0,7,2,7,528.0,0.0,0.0,0.0,0.0
1988,Formation,BER,Bermuda,0,12,6,12,528.0,0.0,0.0,0.0,0.0
1988,Formation,BHU,Bhutan,0,3,1,2,528.0,0.0,0.0,0.0,0.0
1988,Formation,BIZ,Belize,0,10,2,7,528.0,0.0,0.0,0.0,0.0
1988,Formation,BOL,Bolivia,0,7,6,12,528.0,0.0,0.0,0.0,0.0
1988,Formation,BOT,Botswana,0,8,2,8,528.0,0.0,0.0,0.0,0.0
1988,Formation,BRN,Bahrain,0,7,3,7,528.0,0.0,0.0,0.0,0.0
1988,Formation,BUR,Burkina Faso,0,6,2,7,528.0,0.0,0.0,0.0,0.0
1988,Formation,CAF,Central African Republic,0,15,3,4,528.0,0.0,0.0,0.0,0.0
1988,Formation,CAY,Cayman Islands,0,8,2,7,528.0,0.0,0.0,0.0,0.0
1988,Formation,CGO,Congo (Brazzaville),0,7,1,7,528.0,0.0,0.0,0.0,0.0
1988,Formation,CHA,Chad,0,6,1,6,528.0,0.0,0.0,0.0,0.0
1988,Formation,CIV,Cote d'Ivoire,0,28,5,10,528.0,0.0,0.0,0.0,0.0
1988,Formation,CMR,Cameroon,0,15,4,21,528.0,0.0,0.0,0.0,0.0
1988,Formation,COD,Congo (Kinshasa),0,15,3,15,528.0,0.0,0.0,0.0,0.0
1988,Formation,COK,Cook Islands,0,7,3,8,528.0,0.0,0.0,0.0,0.0
1988,Formation,CYP,Cyprus,0,9,4,10,528.0,0.0,0.0,0.0,0.0
1988,Formation,DOM,Dominican Republic,0,16,5,15,528.0,0.0,0.0,0.0,0.0
1988,Formation,ECU,Ecuador,0,13,6,15,528.0,0.0,0.0,0.0,0.0
1988,Formation,EGY,Egypt,0,48,12,36,528.0,0.0,0.0,0.0,0.0
1988,Formation,ESA,El Salvador,0,6,4,7,528.0,0.0,0.0,0.0,0.0
1988,Formation,FIJ,Fiji,0,23,5,31,528.0,0.0,0.0,0.0,0.0
1988,Formation,GAB,Gabon,0,2,2,2,528.0,0.0,0.0,0.0,0.0
1988,Formation,GAM,Gambia,0,6,2,6,528.0,0.0,0.0,0.0,0.0
1988,Formation,GEQ,Equatorial Guinea,0,6,1,7,528.0,0.0,0.0,0.0,0.0
1988,Formation,GHA,Ghana,0,16,3,13,528.0,0.0,0.0,0.0,0.0
1988,Formation,GRN,Grenada,0,6,2,7,528.0,0.0,0.0,0.0,0.0
1988,Formation,GUA,Guatemala,0,28,8,16,528.0,0.0,0.0,0.0,0.0
1988,Formation,GUI,Guinea,0,6,3,7,528.0,0.0,0.0,0.0,0.0
1988,Formation,GUM,Guam,0,19,7,22,528.0,0.0,0.0,0.0,0.0
1988,Formation,GUY,Guyana,0,8,3,8,528.0,0.0,0.0,0.0,0.0
1988,Formation,HAI,Haiti,0,4,2,5,528.0,0.0,0.0,0.0,0.0
1988,Formation,HKG,Hong Kong,0,48,11,49,528.0,0.0,0.0,0.0,0.0
1988,Formation,HON,Honduras,0,8,3,15,528.0,0.0,0.0,0.0,0.0
1988,Formation,IND,India,0,46,11,27,528.0,0.0,0.0,0.0,0.0
1988,Formation,IRL,Ireland,0,61,12,47,528.0,0.0,0.0,0.0,0.0
1988,Formation,IRQ,Iraq,0,27,5,13,528.0,0.0,0.0,0.0,0.0
1988,Formation,ISL,Iceland,0,32,5,25,528.0,0.0,0.0,0.0,0.0
1988,Formation,ISR,Israel,0,18,8,20,528.0,0.0,0.0,0.0,0.0
1988,Formation,IVB,British Virgin Islands,0,3,2,4,528.0,0.0,0.0,0.0,0.0
1988,Formation,JOR,Jordan,0,7,5,9,528.0,0.0,0.0,0.0,0.0
1988,Formation,KSA,Saudi Arabia,0,9,3,12,528.0,0.0,0.0,0.0,0.0
1988,Formation,KUW,Kuwait,0,25,7,24,528.0,0.0,0.0,0.0,0.0
1988,Formation,LAO,Laos,0,3,2,3,528.0,0.0,0.0,0.0,0.0
1988,Formation,LBA,Libya,0,6,3,5,528.0,0.0,0.0,0.0,0.0
1988,Formation,LBR,Liberia,0,8,2,10,528.0,0.0,0.0,0.0,0.0
1988,Formation,LES,Lesotho,0,6,2,5,528.0,0.0,0.0,0.0,0.0
1988,Formation,LIB,Lebanon,0,21,8,28,528.0,0.0,0.0,0.0,0.0
1988,Formation,LIE,Liechtenstein,0,12,5,15,528.0,0.0,0.0,0.0,0.0
1988,Formation,LUX,Luxembourg,0,8,4,11,528.0,0.0,0.0,0.0,0.0
1988,Formation,MAS,Malaysia,0,9,5,15,528.0,0.0,0.0,0.0,0.0
1988,Formation,MAW,Malawi,0,16,3,16,528.0,0.0,0.0,0.0,0.0
1988,Formation,MDV,Maldives,0,7,1,5,528.0,0.0,0.0,0.0,0.0
1988,Formation,MLI,Mali,0,6,3,8,528.0,0.0,0.0,0.0,0.0
1988,Formation,MLT,Malta,0,6,4,6,528.0,0.0,0.0,0.0,0.0
1988,Formation,MON,Monaco,0,9,7,9,528.0,0.0,0.0,0.0,0.0
1988,Formation,MOZ,Mozambique,0,8,3,12,528.0,0.0,0.0,0.0,0.0
1988,Formation,MRI,Mauritius,0,8,5,9,528.0,0.0,0.0,0.0,0.0
1988,Formation,MTN,Mauritania,0,6,2,7,528.0,0.0,0.0,0.0,0.0
1988,Formation,MYA,Myanmar,0,2,1,3,528.0,0.0,0.0,0.0,0.0
1988,Formation,NEP,Nepal,0,16,5,17,528.0,0.0,0.0,0.0,0.0
1988,Formation,NGR,Nigeria,0,69,8,44,528.0,0.0,0.0,0.0,0.0
1988,Formation,NIG,Niger,0,6,2,4,528.0,0.0,0.0,0.0,0.0
1988,Formation,OMA,Oman,0,8,3,9,528.0,0.0,0.0,0.0,0.0
1988,Formation,PAN,Panama,0,6,3,9,528.0,0.0,0.0,0.0,0.0
1988,Formation,PAR,Paraguay,0,10,5,11,528.0,0.0,0.0,0.0,0.0
1988,Formation,PNG,Papua New Guinea,0,11,4,15,528.0,0.0,0.0,0.0,0.0
1988,Formation,PUR,Puerto Rico,0,47,12,44,528.0,0.0,0.0,0.0,0.0
1988,Formation,QAT,Qatar,0,10,3,10,528.0,0.0,0.0,0.0,0.0
1988,Formation,RWA,Rwanda,0,6,1,7,528.0,0.0,0.0,0.0,0.0
1988,Formation,SAM,Samoa,0,11,4,11,528.0,0.0,0.0,0.0,0.0
1988,Formation,SGP,Singapore,0,8,3,16,528.0,0.0,0.0,0.0,0.0
1988,Formation,SLE,Sierra Leone,0,12,4,14,528.0,0.0,0.0,0.0,0.0
1988,Formation,SMR,San Marino,0,11,6,12,528.0,0.0,0.0,0.0,0.0
1988,Formation,SOL,Solomon Islands,0,4,4,5,528.0,0.0,0.0,0.0,0.0
1988,Formation,SOM,Somalia,0,5,1,4,528.0,0.0,0.0,0.0,0.0
1988,Formation,SRI,Sri Lanka,0,6,3,9,528.0,0.0,0.0,0.0,0.0
1988,Formation,SUD,Sudan,0,8,2,8,528.0,0.0,0.0,0.0,0.0
1988,Formation,SWZ,Swaziland,0,11,4,11,528.0,0.0,0.0,0.0,0.0
1988,Formation,SYR,Syria,0,13,4,13,528.0,0.0,0.0,0.0,0.0
1988,Formation,TAN,Tanzania,0,10,2,9,528.0,0.0,0.0,0.0,0.0
1988,Formation,TGA,Tonga,0,5,2,7,528.0,0.0,0.0,0.0,0.0
1988,Formation,TOG,Togo,0,6,2,6,528.0,0.0,0.0,0.0,0.0
1988,Formation,TPE,Chinese Taipei,0,61,13,84,528.0,0.0,0.0,0.0,0.0
1988,Formation,TTO,Trinidad and Tobago,0,6,3,9,528.0,0.0,0.0,0.0,0.0
1988,Formation,TUN,Tunisia,0,41,6,14,528.0,0.0,0.0,0.0,0.0
1988,Formation,UAE,United Arab Emirates,0,12,2,15,528.0,0.0,0.0,0.0,0.0
1988,Formation,UGA,Uganda,0,24,3,22,528.0,0.0,0.0,0.0,0.0
1988,Formation,URU,Uruguay,0,15,8,14,528.0,0.0,0.0,0.0,0.0
1988,Formation,VAN,Vanuatu,0,4,2,6,528.0,0.0,0.0,0.0,0.0
1988,Formation,VEN,Venezuela,0,17,7,15,528.0,0.0,0.0,0.0,0.0
1988,Formation,VIE,Vietnam,0,9,6,12,528.0,0.0,0.0,0.0,0.0
1988,Formation,VIN,Saint Vincent and the Grenadines,0,6,1,6,528.0,0.0,0.0,0.0,0.0
1988,Formation,YAR,North Yemen,0,8,3,8,528.0,0.0,0.0,0.0,0.0
1988,Formation,YMD,South Yemen,0,5,2,5,528.0,0.0,0.0,0.0,0.0
1988,Formation,ZAM,Zambia,0,29,3,11,528.0,0.0,0.0,0.0,0.0
1988,Formation,ZIM,Zimbabwe,0,29,10,38,528.0,0.0,0.0,0.0,0.0
