Country_Name,Participation_Count,Latest_Year,Athlete_Count,Total_Medals,Year
Monaco,23,2024,124,0.0,"[1920, 1924, 1928, 1932, 1936, 1948, 1952, 1960, 1964, 1968, 1972, 1976, 1984, 1988, 1992, 1996, 2000, 2004, 2008, 2012, 2016, 2020, 2024]"
Myanmar,19,2024,105,0.0,"[1948, 1952, 1956, 1960, 1964, 1968, 1972, 1980, 1984, 1988, 1992, 1996, 2000, 2004, 2008, 2012, 2016, 2020, 2024]"
Liechtenstein,19,2024,76,0.0,"[1936, 1948, 1952, 1960, 1964, 1968, 1972, 1976, 1984, 1988, 1992, 1996, 2000, 2004, 2008, 2012, 2016, 2020, 2024]"
Malta,18,2024,114,0.0,"[1928, 1936, 1948, 1960, 1968, 1972, 1980, 1984, 1988, 1992, 1996, 2000, 2004, 2008, 2012, 2016, 2020, 2024]"
Bolivia,16,2024,106,0.0,"[1936, 1964, 1968, 1972, 1976, 1984, 1988, 1992, 1996, 2000, 2004, 2008, 2012, 2016, 2020, 2024]"
Mali,15,2024,115,0.0,"[1964, 1968, 1972, 1980, 1984, 1988, 1992, 1996, 2000, 2004, 2008, 2012, 2016, 2020, 2024]"
Nepal,15,2024,96,0.0,"[1964, 1972, 1976, 1980, 1984, 1988, 1992, 1996, 2000, 2004, 2008, 2012, 2016, 2020, 2024]"
El Salvador,14,2024,157,0.0,"[1932, 1968, 1972, 1984, 1988, 1992, 1996, 2000, 2004, 2008, 2012, 2016, 2020, 2024]"
Nicaragua,14,2024,120,0.0,"[1968, 1972, 1976, 1980, 1984, 1992, 1996, 2000, 2004, 2008, 2012, 2016, 2020, 2024]"
Madagascar,14,2024,109,0.0,"[1964, 1968, 1972, 1980, 1984, 1992, 1996, 2000, 2004, 2008, 2012, 2016, 2020, 2024]"
Congo (Brazzaville),14,2024,98,0.0,"[1964, 1972, 1980, 1984, 1988, 1992, 1996, 2000, 2004, 2008, 2012, 2016, 2020, 2024]"
Belize,14,2024,66,0.0,"[1968, 1972, 1976, 1984, 1988, 1992, 1996, 2000, 2004, 2008, 2012, 2016, 2020, 2024]"
Liberia,14,2024,63,0.0,"[1956, 1960, 1964, 1972, 1984, 1988, 1996, 2000, 2004, 2008, 2012, 2016, 2020, 2024]"
Chad,14,2024,43,0.0,"[1964, 1968, 1972, 1984, 1988, 1992, 1996, 2000, 2004, 2008, 2012, 2016, 2020, 2024]"
Honduras,13,2024,173,0.0,"[1968, 1976, 1984, 1988, 1992, 1996, 2000, 2004, 2008, 2012, 2016, 2020, 2024]"
Guinea,13,2024,96,0.0,"[1968, 1980, 1984, 1988, 1992, 1996, 2000, 2004, 2008, 2012, 2016, 2020, 2024]"
Sierra Leone,13,2024,83,0.0,"[1968, 1980, 1984, 1988, 1992, 1996, 2000, 2004, 2008, 2012, 2016, 2020, 2024]"
Benin,13,2024,76,0.0,"[1972, 1980, 1984, 1988, 1992, 1996, 2000, 2004, 2008, 2012, 2016, 2020, 2024]"
Lesotho,13,2024,62,0.0,"[1972, 1980, 1984, 1988, 1992, 1996, 2000, 2004, 2008, 2012, 2016, 2020, 2024]"
Andorra,13,2024,56,0.0,"[1976, 1980, 1984, 1988, 1992, 1996, 2000, 2004, 2008, 2012, 2016, 2020, 2024]"
Antigua and Barbuda,12,2024,101,0.0,"[1976, 1984, 1988, 1992, 1996, 2000, 2004, 2008, 2012, 2016, 2020, 2024]"
Papua New Guinea,12,2024,95,0.0,"[1976, 1984, 1988, 1992, 1996, 2000, 2004, 2008, 2012, 2016, 2020, 2024]"
Congo (Kinshasa),12,2024,91,0.0,"[1968, 1984, 1988, 1992, 1996, 2000, 2004, 2008, 2012, 2016, 2020, 2024]"
Libya,12,2024,84,0.0,"[1968, 1980, 1988, 1992, 1996, 2000, 2004, 2008, 2012, 2016, 2020, 2024]"
Malawi,12,2024,79,0.0,"[1972, 1984, 1988, 1992, 1996, 2000, 2004, 2008, 2012, 2016, 2020, 2024]"
Cayman Islands,12,2024,67,0.0,"[1976, 1984, 1988, 1992, 1996, 2000, 2004, 2008, 2012, 2016, 2020, 2024]"
Central African Republic,12,2024,67,0.0,"[1968, 1984, 1988, 1992, 1996, 2000, 2004, 2008, 2012, 2016, 2020, 2024]"
Swaziland,12,2024,58,0.0,"[1972, 1984, 1988, 1992, 1996, 2000, 2004, 2008, 2012, 2016, 2020, 2024]"
Angola,11,2024,287,0.0,"[1980, 1988, 1992, 1996, 2000, 2004, 2008, 2012, 2016, 2020, 2024]"
Seychelles,11,2024,91,0.0,"[1980, 1984, 1992, 1996, 2000, 2004, 2008, 2012, 2016, 2020, 2024]"
Rwanda,11,2024,63,0.0,"[1984, 1988, 1992, 1996, 2000, 2004, 2008, 2012, 2016, 2020, 2024]"
Laos,11,2024,61,0.0,"[1980, 1988, 1992, 1996, 2000, 2004, 2008, 2012, 2016, 2020, 2024]"
Cambodia,11,2024,59,0.0,"[1956, 1964, 1972, 1996, 2000, 2004, 2008, 2012, 2016, 2020, 2024]"
Oman,11,2024,59,0.0,"[1984, 1988, 1992, 1996, 2000, 2004, 2008, 2012, 2016, 2020, 2024]"
Gambia,11,2024,54,0.0,"[1984, 1988, 1992, 1996, 2000, 2004, 2008, 2012, 2016, 2020, 2024]"
Bangladesh,11,2024,53,0.0,"[1984, 1988, 1992, 1996, 2000, 2004, 2008, 2012, 2016, 2020, 2024]"
British Virgin Islands,11,2024,40,0.0,"[1984, 1988, 1992, 1996, 2000, 2004, 2008, 2012, 2016, 2020, 2024]"
Equatorial Guinea,11,2024,40,0.0,"[1984, 1988, 1992, 1996, 2000, 2004, 2008, 2012, 2016, 2020, 2024]"
Bhutan,11,2024,34,0.0,"[1984, 1988, 1992, 1996, 2000, 2004, 2008, 2012, 2016, 2020, 2024]"
Mauritania,11,2024,32,0.0,"[1984, 1988, 1992, 1996, 2000, 2004, 2008, 2012, 2016, 2020, 2024]"
Somalia,11,2024,32,0.0,"[1972, 1984, 1988, 1996, 2000, 2004, 2008, 2012, 2016, 2020, 2024]"
Solomon Islands,11,2024,31,0.0,"[1984, 1988, 1992, 1996, 2000, 2004, 2008, 2012, 2016, 2020, 2024]"
Guam,10,2024,91,0.0,"[1988, 1992, 1996, 2000, 2004, 2008, 2012, 2016, 2020, 2024]"
Maldives,10,2024,50,0.0,"[1988, 1992, 1996, 2000, 2004, 2008, 2012, 2016, 2020, 2024]"
Aruba,10,2024,47,0.0,"[1988, 1992, 1996, 2000, 2004, 2008, 2012, 2016, 2020, 2024]"
Cook Islands,10,2024,46,0.0,"[1988, 1992, 1996, 2000, 2004, 2008, 2012, 2016, 2020, 2024]"
American Samoa,10,2024,43,0.0,"[1988, 1992, 1996, 2000, 2004, 2008, 2012, 2016, 2020, 2024]"
Saint Vincent and the Grenadines,10,2024,43,0.0,"[1988, 1992, 1996, 2000, 2004, 2008, 2012, 2016, 2020, 2024]"
Vanuatu,10,2024,40,0.0,"[1988, 1992, 1996, 2000, 2004, 2008, 2012, 2016, 2020, 2024]"
Bosnia and Herzegovina,9,2024,71,0.0,"[1992, 1996, 2000, 2004, 2008, 2012, 2016, 2020, 2024]"
Yemen,9,2024,38,0.0,"[1992, 1996, 2000, 2004, 2008, 2012, 2016, 2020, 2024]"
Palestine,8,2024,34,0.0,"[1996, 2000, 2004, 2008, 2012, 2016, 2020, 2024]"
Saint Kitts and Nevis,8,2024,33,0.0,"[1996, 2000, 2004, 2008, 2012, 2016, 2020, 2024]"
Guinea Bissau,8,2024,31,0.0,"[1996, 2000, 2004, 2008, 2012, 2016, 2020, 2024]"
Comoros,8,2024,26,0.0,"[1996, 2000, 2004, 2008, 2012, 2016, 2020, 2024]"
Sao Tome and Principe,8,2024,20,0.0,"[1996, 2000, 2004, 2008, 2012, 2016, 2020, 2024]"
Nauru,8,2024,16,0.0,"[1996, 2000, 2004, 2008, 2012, 2016, 2020, 2024]"
Federated States of Micronesia,7,2024,32,0.0,"[2000, 2004, 2008, 2012, 2016, 2020, 2024]"
Palau,7,2024,30,0.0,"[2000, 2004, 2008, 2012, 2016, 2020, 2024]"
Brunei,7,2024,15,0.0,"[1996, 2000, 2004, 2012, 2016, 2020, 2024]"
Kiribati,6,2024,17,0.0,"[2004, 2008, 2012, 2016, 2020, 2024]"
Timor Leste,6,2024,15,0.0,"[2004, 2008, 2012, 2016, 2020, 2024]"
Marshall Islands,5,2024,20,0.0,"[2008, 2012, 2016, 2020, 2024]"
Tuvalu,5,2024,11,0.0,"[2008, 2012, 2016, 2020, 2024]"
South Sudan,3,2024,19,0.0,"[2016, 2020, 2024]"
