Year,Era,NOC,Country_Name,Is_Host,Athlete_Count,Sports_Participated_Count,Events_Participated_Count,Global_Total_Events,Gold,Total_Medals,Gold_Share,Medal_Share,Lagged_Total_Medals,score,pi,lambda1,prob_break_zero
1988,Formation,ASA,American Samoa,0,6,4,6,528.0,0.0,0.0,0.0,0.0,0.0,2.2918,0.90819563775754,5.333992395002528,0.09136142738993933
1992,Maturity,ASA,American Samoa,0,3,2,3,573.0,0.0,0.0,0.0,0.0,0.0,2.6302,0.9327800907762442,5.333992395002528,0.06689558868112354
1996,Maturity,ASA,American Samoa,0,7,5,6,604.0,0.0,0.0,0.0,0.0,0.0,2.3259,0.9109994707531521,5.333992395002528,0.08857112224119706
2000,Maturity,ASA,American Samoa,0,4,3,4,667.0,0.0,0.0,0.0,0.0,0.0,2.6643,0.9348869120799613,5.333992395002528,0.06479893230378528
2004,Maturity,ASA,American Samoa,0,3,2,3,669.0,0.0,0.0,0.0,0.0,0.0,2.6302,0.9327800907762442,5.333992395002528,0.06689558868112354
2008,Maturity,ASA,American Samoa,0,4,3,4,673.0,0.0,0.0,0.0,0.0,0.0,2.6643,0.9348869120799613,5.333992395002528,0.06479893230378528
2012,Maturity,ASA,American Samoa,0,4,3,4,670.0,0.0,0.0,0.0,0.0,0.0,2.6643,0.9348869120799613,5.333992395002528,0.06479893230378528
2016,Maturity,ASA,American Samoa,0,4,3,4,682.0,0.0,0.0,0.0,0.0,0.0,2.6643,0.9348869120799613,5.333992395002528,0.06479893230378528
2020,Maturity,ASA,American Samoa,0,6,4,5,761.0,0.0,0.0,0.0,0.0,0.0,2.2918,0.90819563775754,5.333992395002528,0.09136142738993933
2024,Maturity,ASA,American Samoa,0,2,2,2,738.0,0.0,0.0,0.0,0.0,0.0,3.0367999999999995,0.9542092114897665,5.333992395002528,0.04556985852760353
1976,Formation,AND,Andorra,0,3,2,2,444.0,0.0,0.0,0.0,0.0,0.0,2.6302,0.9327800907762442,5.333992395002528,0.06689558868112354
1980,Formation,AND,Andorra,0,2,1,1,454.0,0.0,0.0,0.0,0.0,0.0,2.5961,0.9306101601331909,5.333992395002528,0.06905504990980614
1984,Formation,AND,Andorra,0,2,1,1,492.0,0.0,0.0,0.0,0.0,0.0,2.5961,0.9306101601331909,5.333992395002528,0.06905504990980614
1988,Formation,AND,Andorra,0,3,2,3,528.0,0.0,0.0,0.0,0.0,0.0,2.6302,0.9327800907762442,5.333992395002528,0.06689558868112354
1992,Maturity,AND,Andorra,0,8,5,5,573.0,0.0,0.0,0.0,0.0,0.0,1.9192999999999998,0.8720603542543337,5.333992395002528,0.12732236649296322
1996,Maturity,AND,Andorra,0,8,5,7,604.0,0.0,0.0,0.0,0.0,0.0,1.9192999999999998,0.8720603542543337,5.333992395002528,0.12732236649296322
2000,Maturity,AND,Andorra,0,5,3,5,667.0,0.0,0.0,0.0,0.0,0.0,2.2577,0.9053126549625738,5.333992395002528,0.09423050045852735
2004,Maturity,AND,Andorra,0,6,4,6,669.0,0.0,0.0,0.0,0.0,0.0,2.2918,0.90819563775754,5.333992395002528,0.09136142738993933
2008,Maturity,AND,Andorra,0,5,4,5,673.0,0.0,0.0,0.0,0.0,0.0,2.6984,0.9369321655598715,5.333992395002528,0.06276354669971854
2012,Maturity,AND,Andorra,0,6,4,6,670.0,0.0,0.0,0.0,0.0,0.0,2.2918,0.90819563775754,5.333992395002528,0.09136142738993933
2016,Maturity,AND,Andorra,0,4,4,4,682.0,0.0,0.0,0.0,0.0,0.0,3.1049999999999995,0.9570985196432062,5.333992395002528,0.04269449061893609
2020,Maturity,AND,Andorra,0,2,2,3,761.0,0.0,0.0,0.0,0.0,0.0,3.0367999999999995,0.9542092114897665,5.333992395002528,0.04556985852760353
2024,Maturity,AND,Andorra,0,2,2,4,738.0,0.0,0.0,0.0,0.0,0.0,3.0367999999999995,0.9542092114897665,5.333992395002528,0.04556985852760353
1980,Formation,ANG,Angola,0,11,3,14,454.0,0.0,0.0,0.0,0.0,0.0,-0.18190000000000017,0.45464997476006597,5.333992395002528,0.5427188372756426
1988,Formation,ANG,Angola,0,24,4,27,528.0,0.0,0.0,0.0,0.0,0.0,-5.026999999999999,0.006515723368361958,5.333992395002528,0.988690944367216
1992,Maturity,ANG,Angola,0,28,6,21,573.0,0.0,0.0,0.0,0.0,0.0,-5.772,0.003103860290259886,5.333992395002528,0.9920863459936788
1996,Maturity,ANG,Angola,0,28,5,8,604.0,0.0,0.0,0.0,0.0,0.0,-6.2127,0.0019998125758849297,5.333992395002528,0.9931850669327287
2000,Maturity,ANG,Angola,0,30,5,7,667.0,0.0,0.0,0.0,0.0,0.0,-7.0259,0.0008877785977595452,5.333992395002528,0.9942917356036499
2004,Maturity,ANG,Angola,0,30,5,5,669.0,0.0,0.0,0.0,0.0,0.0,-7.0259,0.0008877785977595452,5.333992395002528,0.9942917356036499
2008,Maturity,ANG,Angola,0,32,6,8,673.0,0.0,0.0,0.0,0.0,0.0,-7.3984000000000005,0.0006118569502403371,5.333992395002528,0.9945663259929232
2012,Maturity,ANG,Angola,0,33,6,10,670.0,0.0,0.0,0.0,0.0,0.0,-7.805,0.0004075252726906522,5.333992395002528,0.9947696718173038
2016,Maturity,ANG,Angola,0,26,7,10,682.0,0.0,0.0,0.0,0.0,0.0,-4.5181000000000004,0.010791994705496567,5.333992395002528,0.9844353050520005
2020,Maturity,ANG,Angola,0,20,5,6,761.0,0.0,0.0,0.0,0.0,0.0,-2.9598999999999993,0.04927069018182384,5.333992395002528,0.9461422603975914
2024,Maturity,ANG,Angola,0,25,7,10,738.0,0.0,0.0,0.0,0.0,0.0,-4.111500000000001,0.01611909918938519,5.333992395002528,0.9791339026173533
1976,Formation,ANT,Antigua and Barbuda,0,10,2,11,444.0,0.0,0.0,0.0,0.0,0.0,-0.21599999999999997,0.44620897705079826,5.333992395002528,0.5511191091197755
1984,Formation,ANT,Antigua and Barbuda,0,14,3,17,492.0,0.0,0.0,0.0,0.0,0.0,-1.4017000000000004,0.19754648569075878,5.333992395002528,0.7985818613688661
1988,Formation,ANT,Antigua and Barbuda,0,15,4,19,528.0,0.0,0.0,0.0,0.0,0.0,-1.3676000000000004,0.203007879294961,5.333992395002528,0.7931468177279068
1992,Maturity,ANT,Antigua and Barbuda,0,13,3,15,573.0,0.0,0.0,0.0,0.0,0.0,-0.9951000000000003,0.2699059098945014,5.333992395002528,0.7265715546809505
1996,Maturity,ANT,Antigua and Barbuda,0,13,4,9,604.0,0.0,0.0,0.0,0.0,0.0,-0.5544000000000002,0.3648441791411712,5.333992395002528,0.632091340664557
2000,Maturity,ANT,Antigua and Barbuda,0,3,2,4,667.0,0.0,0.0,0.0,0.0,0.0,2.6302,0.9327800907762442,5.333992395002528,0.06689558868112354
2004,Maturity,ANT,Antigua and Barbuda,0,5,2,5,669.0,0.0,0.0,0.0,0.0,0.0,1.817,0.860205761297488,5.333992395002528,0.139119763775717
2008,Maturity,ANT,Antigua and Barbuda,0,5,2,5,673.0,0.0,0.0,0.0,0.0,0.0,1.817,0.860205761297488,5.333992395002528,0.139119763775717
2012,Maturity,ANT,Antigua and Barbuda,0,4,2,4,670.0,0.0,0.0,0.0,0.0,0.0,2.2236,0.9023488708878078,5.333992395002528,0.09717998495939524
2016,Maturity,ANT,Antigua and Barbuda,0,8,2,5,682.0,0.0,0.0,0.0,0.0,0.0,0.5971999999999997,0.6450154494056656,5.333992395002528,0.3532718320946474
2020,Maturity,ANT,Antigua and Barbuda,0,6,4,6,761.0,0.0,0.0,0.0,0.0,0.0,2.2918,0.90819563775754,5.333992395002528,0.09136142738993933
2024,Maturity,ANT,Antigua and Barbuda,0,5,3,5,738.0,0.0,0.0,0.0,0.0,0.0,2.2577,0.9053126549625738,5.333992395002528,0.09423050045852735
1988,Formation,ARU,Aruba,0,8,5,10,528.0,0.0,0.0,0.0,0.0,0.0,1.9192999999999998,0.8720603542543337,5.333992395002528,0.12732236649296322
1992,Maturity,ARU,Aruba,0,5,3,4,573.0,0.0,0.0,0.0,0.0,0.0,2.2577,0.9053126549625738,5.333992395002528,0.09423050045852735
1996,Maturity,ARU,Aruba,0,3,3,3,604.0,0.0,0.0,0.0,0.0,0.0,3.0709,0.9556763112387718,5.333992395002528,0.04410983719617096
2000,Maturity,ARU,Aruba,0,5,3,5,667.0,0.0,0.0,0.0,0.0,0.0,2.2577,0.9053126549625738,5.333992395002528,0.09423050045852735
2004,Maturity,ARU,Aruba,0,4,3,4,669.0,0.0,0.0,0.0,0.0,0.0,2.6643,0.9348869120799613,5.333992395002528,0.06479893230378528
2008,Maturity,ARU,Aruba,0,2,2,2,673.0,0.0,0.0,0.0,0.0,0.0,3.0367999999999995,0.9542092114897665,5.333992395002528,0.04556985852760353
2012,Maturity,ARU,Aruba,0,4,3,4,670.0,0.0,0.0,0.0,0.0,0.0,2.6643,0.9348869120799613,5.333992395002528,0.06479893230378528
2016,Maturity,ARU,Aruba,0,7,4,6,682.0,0.0,0.0,0.0,0.0,0.0,1.8851999999999998,0.8682072682536348,5.333992395002528,0.1311568622432886
2020,Maturity,ARU,Aruba,0,3,2,4,761.0,0.0,0.0,0.0,0.0,0.0,2.6302,0.9327800907762442,5.333992395002528,0.06689558868112354
2024,Maturity,ARU,Aruba,0,6,4,7,738.0,0.0,0.0,0.0,0.0,0.0,2.2918,0.90819563775754,5.333992395002528,0.09136142738993933
1984,Formation,BAN,Bangladesh,0,1,1,2,492.0,0.0,0.0,0.0,0.0,0.0,3.0027,0.9526959548619061,5.333992395002528,0.04707581404160707
1988,Formation,BAN,Bangladesh,0,6,2,8,528.0,0.0,0.0,0.0,0.0,0.0,1.4103999999999999,0.8038290264690082,5.333992395002528,0.1952244938746078
1992,Maturity,BAN,Bangladesh,0,6,3,6,573.0,0.0,0.0,0.0,0.0,0.0,1.8510999999999997,0.8642562038660018,5.333992395002528,0.13508886365745187
1996,Maturity,BAN,Bangladesh,0,4,3,4,604.0,0.0,0.0,0.0,0.0,0.0,2.6643,0.9348869120799613,5.333992395002528,0.06479893230378528
2000,Maturity,BAN,Bangladesh,0,5,3,6,667.0,0.0,0.0,0.0,0.0,0.0,2.2577,0.9053126549625738,5.333992395002528,0.09423050045852735
2004,Maturity,BAN,Bangladesh,0,4,3,4,669.0,0.0,0.0,0.0,0.0,0.0,2.6643,0.9348869120799613,5.333992395002528,0.06479893230378528
2008,Maturity,BAN,Bangladesh,0,5,3,5,673.0,0.0,0.0,0.0,0.0,0.0,2.2577,0.9053126549625738,5.333992395002528,0.09423050045852735
2012,Maturity,BAN,Bangladesh,0,5,5,7,670.0,0.0,0.0,0.0,0.0,0.0,3.1391,0.9584770765813265,5.333992395002528,0.04132258489976841
2016,Maturity,BAN,Bangladesh,0,6,5,7,682.0,0.0,0.0,0.0,0.0,0.0,2.7325,0.9389173734549439,5.333992395002528,0.06078791697440571
2020,Maturity,BAN,Bangladesh,0,6,4,7,761.0,0.0,0.0,0.0,0.0,0.0,2.2918,0.90819563775754,5.333992395002528,0.09136142738993933
2024,Maturity,BAN,Bangladesh,0,5,4,5,738.0,0.0,0.0,0.0,0.0,0.0,2.6984,0.9369321655598715,5.333992395002528,0.06276354669971854
1968,Formation,BIZ,Belize,0,7,4,6,386.0,0.0,0.0,0.0,0.0,0.0,1.8851999999999998,0.8682072682536348,5.333992395002528,0.1311568622432886
1972,Formation,BIZ,Belize,0,1,1,2,439.0,0.0,0.0,0.0,0.0,0.0,3.0027,0.9526959548619061,5.333992395002528,0.04707581404160707
1976,Formation,BIZ,Belize,0,4,2,4,444.0,0.0,0.0,0.0,0.0,0.0,2.2236,0.9023488708878078,5.333992395002528,0.09717998495939524
1984,Formation,BIZ,Belize,0,11,3,7,492.0,0.0,0.0,0.0,0.0,0.0,-0.18190000000000017,0.45464997476006597,5.333992395002528,0.5427188372756426
1988,Formation,BIZ,Belize,0,10,2,7,528.0,0.0,0.0,0.0,0.0,0.0,-0.21599999999999997,0.44620897705079826,5.333992395002528,0.5511191091197755
1992,Maturity,BIZ,Belize,0,10,2,10,573.0,0.0,0.0,0.0,0.0,0.0,-0.21599999999999997,0.44620897705079826,5.333992395002528,0.5511191091197755
1996,Maturity,BIZ,Belize,0,5,2,5,604.0,0.0,0.0,0.0,0.0,0.0,1.817,0.860205761297488,5.333992395002528,0.139119763775717
2000,Maturity,BIZ,Belize,0,2,1,2,667.0,0.0,0.0,0.0,0.0,0.0,2.5961,0.9306101601331909,5.333992395002528,0.06905504990980614
2004,Maturity,BIZ,Belize,0,2,1,2,669.0,0.0,0.0,0.0,0.0,0.0,2.5961,0.9306101601331909,5.333992395002528,0.06905504990980614
2008,Maturity,BIZ,Belize,0,4,2,4,673.0,0.0,0.0,0.0,0.0,0.0,2.2236,0.9023488708878078,5.333992395002528,0.09717998495939524
2012,Maturity,BIZ,Belize,0,3,2,3,670.0,0.0,0.0,0.0,0.0,0.0,2.6302,0.9327800907762442,5.333992395002528,0.06689558868112354
2016,Maturity,BIZ,Belize,0,3,2,3,682.0,0.0,0.0,0.0,0.0,0.0,2.6302,0.9327800907762442,5.333992395002528,0.06689558868112354
2020,Maturity,BIZ,Belize,0,3,2,4,761.0,0.0,0.0,0.0,0.0,0.0,2.6302,0.9327800907762442,5.333992395002528,0.06689558868112354
2024,Maturity,BIZ,Belize,0,1,1,1,738.0,0.0,0.0,0.0,0.0,0.0,3.0027,0.9526959548619061,5.333992395002528,0.04707581404160707
1972,Formation,BEN,Benin,0,3,2,3,439.0,0.0,0.0,0.0,0.0,0.0,2.6302,0.9327800907762442,5.333992395002528,0.06689558868112354
1980,Formation,BEN,Benin,0,16,2,17,454.0,0.0,0.0,0.0,0.0,0.0,-2.6556000000000006,0.06564469425930142,5.333992395002528,0.9298472571094454
1984,Formation,BEN,Benin,0,3,1,3,492.0,0.0,0.0,0.0,0.0,0.0,2.1895,0.899302636772851,5.333992395002528,0.10021152169804554
1988,Formation,BEN,Benin,0,7,2,7,528.0,0.0,0.0,0.0,0.0,0.0,1.0037999999999998,0.7318050476613928,5.333992395002528,0.26690097361298676
1992,Maturity,BEN,Benin,0,6,2,6,573.0,0.0,0.0,0.0,0.0,0.0,1.4103999999999999,0.8038290264690082,5.333992395002528,0.1952244938746078
1996,Maturity,BEN,Benin,0,5,1,4,604.0,0.0,0.0,0.0,0.0,0.0,1.3763,0.7983961066045667,5.333992395002528,0.2006312011550268
2000,Maturity,BEN,Benin,0,4,3,4,667.0,0.0,0.0,0.0,0.0,0.0,2.6643,0.9348869120799613,5.333992395002528,0.06479893230378528
2004,Maturity,BEN,Benin,0,4,2,4,669.0,0.0,0.0,0.0,0.0,0.0,2.2236,0.9023488708878078,5.333992395002528,0.09717998495939524
2008,Maturity,BEN,Benin,0,5,3,5,673.0,0.0,0.0,0.0,0.0,0.0,2.2577,0.9053126549625738,5.333992395002528,0.09423050045852735
2012,Maturity,BEN,Benin,0,5,4,5,670.0,0.0,0.0,0.0,0.0,0.0,2.6984,0.9369321655598715,5.333992395002528,0.06276354669971854
2016,Maturity,BEN,Benin,0,6,4,6,682.0,0.0,0.0,0.0,0.0,0.0,2.2918,0.90819563775754,5.333992395002528,0.09136142738993933
2020,Maturity,BEN,Benin,0,7,4,7,761.0,0.0,0.0,0.0,0.0,0.0,1.8851999999999998,0.8682072682536348,5.333992395002528,0.1311568622432886
2024,Maturity,BEN,Benin,0,5,3,5,738.0,0.0,0.0,0.0,0.0,0.0,2.2577,0.9053126549625738,5.333992395002528,0.09423050045852735
1984,Formation,BHU,Bhutan,0,6,1,2,492.0,0.0,0.0,0.0,0.0,0.0,0.9696999999999999,0.7250596973880862,5.333992395002528,0.27361377912855495
1988,Formation,BHU,Bhutan,0,3,1,2,528.0,0.0,0.0,0.0,0.0,0.0,2.1895,0.899302636772851,5.333992395002528,0.10021152169804554
1992,Maturity,BHU,Bhutan,0,6,1,4,573.0,0.0,0.0,0.0,0.0,0.0,0.9696999999999999,0.7250596973880862,5.333992395002528,0.27361377912855495
1996,Maturity,BHU,Bhutan,0,2,1,2,604.0,0.0,0.0,0.0,0.0,0.0,2.5961,0.9306101601331909,5.333992395002528,0.06905504990980614
2000,Maturity,BHU,Bhutan,0,2,1,2,667.0,0.0,0.0,0.0,0.0,0.0,2.5961,0.9306101601331909,5.333992395002528,0.06905504990980614
2004,Maturity,BHU,Bhutan,0,2,1,2,669.0,0.0,0.0,0.0,0.0,0.0,2.5961,0.9306101601331909,5.333992395002528,0.06905504990980614
2008,Maturity,BHU,Bhutan,0,2,1,2,673.0,0.0,0.0,0.0,0.0,0.0,2.5961,0.9306101601331909,5.333992395002528,0.06905504990980614
2012,Maturity,BHU,Bhutan,0,2,2,2,670.0,0.0,0.0,0.0,0.0,0.0,3.0367999999999995,0.9542092114897665,5.333992395002528,0.04556985852760353
2016,Maturity,BHU,Bhutan,0,2,2,2,682.0,0.0,0.0,0.0,0.0,0.0,3.0367999999999995,0.9542092114897665,5.333992395002528,0.04556985852760353
2020,Maturity,BHU,Bhutan,0,4,4,4,761.0,0.0,0.0,0.0,0.0,0.0,3.1049999999999995,0.9570985196432062,5.333992395002528,0.04269449061893609
2024,Maturity,BHU,Bhutan,0,3,3,3,738.0,0.0,0.0,0.0,0.0,0.0,3.0709,0.9556763112387718,5.333992395002528,0.04410983719617096
1936,Early,BOL,Bolivia,0,2,2,2,302.0,0.0,0.0,0.0,0.0,0.0,3.0367999999999995,0.9542092114897665,5.333992395002528,0.04556985852760353
1964,Formation,BOL,Bolivia,0,1,1,1,370.0,0.0,0.0,0.0,0.0,0.0,3.0027,0.9526959548619061,5.333992395002528,0.04707581404160707
1968,Formation,BOL,Bolivia,0,4,3,3,386.0,0.0,0.0,0.0,0.0,0.0,2.6643,0.9348869120799613,5.333992395002528,0.06479893230378528
1972,Formation,BOL,Bolivia,0,11,3,9,439.0,0.0,0.0,0.0,0.0,0.0,-0.18190000000000017,0.45464997476006597,5.333992395002528,0.5427188372756426
1976,Formation,BOL,Bolivia,0,4,4,5,444.0,0.0,0.0,0.0,0.0,0.0,3.1049999999999995,0.9570985196432062,5.333992395002528,0.04269449061893609
1984,Formation,BOL,Bolivia,0,11,6,11,492.0,0.0,0.0,0.0,0.0,0.0,1.1401999999999997,0.7577163573519968,5.333992395002528,0.24111468000937555
1988,Formation,BOL,Bolivia,0,7,6,12,528.0,0.0,0.0,0.0,0.0,0.0,2.7665999999999995,0.9408440377098902,5.333992395002528,0.05887054842967154
1992,Maturity,BOL,Bolivia,0,13,6,18,573.0,0.0,0.0,0.0,0.0,0.0,0.3269999999999995,0.5810292520929008,5.333992395002528,0.41694931077816844
1996,Maturity,BOL,Bolivia,0,8,5,9,604.0,0.0,0.0,0.0,0.0,0.0,1.9192999999999998,0.8720603542543337,5.333992395002528,0.12732236649296322
2000,Maturity,BOL,Bolivia,0,5,3,5,667.0,0.0,0.0,0.0,0.0,0.0,2.2577,0.9053126549625738,5.333992395002528,0.09423050045852735
2004,Maturity,BOL,Bolivia,0,7,5,11,669.0,0.0,0.0,0.0,0.0,0.0,2.3259,0.9109994707531521,5.333992395002528,0.08857112224119706
2008,Maturity,BOL,Bolivia,0,7,5,7,673.0,0.0,0.0,0.0,0.0,0.0,2.3259,0.9109994707531521,5.333992395002528,0.08857112224119706
2012,Maturity,BOL,Bolivia,0,5,3,5,670.0,0.0,0.0,0.0,0.0,0.0,2.2577,0.9053126549625738,5.333992395002528,0.09423050045852735
2016,Maturity,BOL,Bolivia,0,12,5,10,682.0,0.0,0.0,0.0,0.0,0.0,0.29289999999999994,0.5727059522465854,5.333992395002528,0.4252324526243642
2020,Maturity,BOL,Bolivia,0,5,3,5,761.0,0.0,0.0,0.0,0.0,0.0,2.2577,0.9053126549625738,5.333992395002528,0.09423050045852735
2024,Maturity,BOL,Bolivia,0,4,2,4,738.0,0.0,0.0,0.0,0.0,0.0,2.2236,0.9023488708878078,5.333992395002528,0.09717998495939524
1992,Maturity,BIH,Bosnia and Herzegovina,0,10,6,13,573.0,0.0,0.0,0.0,0.0,0.0,1.5467999999999997,0.8244510717780579,5.333992395002528,0.174701945173067
1996,Maturity,BIH,Bosnia and Herzegovina,0,9,7,12,604.0,0.0,0.0,0.0,0.0,0.0,2.3940999999999995,0.916376291153833,5.333992395002528,0.08322024375757799
2000,Maturity,BIH,Bosnia and Herzegovina,0,9,4,10,667.0,0.0,0.0,0.0,0.0,0.0,1.0719999999999996,0.7449770744270497,5.333992395002528,0.2537924988353871
2004,Maturity,BIH,Bosnia and Herzegovina,0,9,8,11,669.0,0.0,0.0,0.0,0.0,0.0,2.8347999999999995,0.9445276362279611,5.333992395002528,0.05520472242400088
2008,Maturity,BIH,Bosnia and Herzegovina,0,5,4,7,673.0,0.0,0.0,0.0,0.0,0.0,2.6984,0.9369321655598715,5.333992395002528,0.06276354669971854
2012,Maturity,BIH,Bosnia and Herzegovina,0,6,4,8,670.0,0.0,0.0,0.0,0.0,0.0,2.2918,0.90819563775754,5.333992395002528,0.09136142738993933
2016,Maturity,BIH,Bosnia and Herzegovina,0,11,5,8,682.0,0.0,0.0,0.0,0.0,0.0,0.6995,0.668076906410697,5.333992395002528,0.3303216412953597
2020,Maturity,BIH,Bosnia and Herzegovina,0,7,5,8,761.0,0.0,0.0,0.0,0.0,0.0,2.3259,0.9109994707531521,5.333992395002528,0.08857112224119706
2024,Maturity,BIH,Bosnia and Herzegovina,0,5,3,6,738.0,0.0,0.0,0.0,0.0,0.0,2.2577,0.9053126549625738,5.333992395002528,0.09423050045852735
1984,Formation,IVB,British Virgin Islands,0,9,2,7,492.0,0.0,0.0,0.0,0.0,0.0,0.19059999999999966,0.5475062682684024,5.333992395002528,0.45031055394532044
1988,Formation,IVB,British Virgin Islands,0,3,2,4,528.0,0.0,0.0,0.0,0.0,0.0,2.6302,0.9327800907762442,5.333992395002528,0.06689558868112354
1992,Maturity,IVB,British Virgin Islands,0,4,2,2,573.0,0.0,0.0,0.0,0.0,0.0,2.2236,0.9023488708878078,5.333992395002528,0.09717998495939524
1996,Maturity,IVB,British Virgin Islands,0,7,2,5,604.0,0.0,0.0,0.0,0.0,0.0,1.0037999999999998,0.7318050476613928,5.333992395002528,0.26690097361298676
2000,Maturity,IVB,British Virgin Islands,0,1,1,1,667.0,0.0,0.0,0.0,0.0,0.0,3.0027,0.9526959548619061,5.333992395002528,0.04707581404160707
2004,Maturity,IVB,British Virgin Islands,0,1,1,1,669.0,0.0,0.0,0.0,0.0,0.0,3.0027,0.9526959548619061,5.333992395002528,0.04707581404160707
2008,Maturity,IVB,British Virgin Islands,0,2,1,2,673.0,0.0,0.0,0.0,0.0,0.0,2.5961,0.9306101601331909,5.333992395002528,0.06905504990980614
2012,Maturity,IVB,British Virgin Islands,0,2,1,2,670.0,0.0,0.0,0.0,0.0,0.0,2.5961,0.9306101601331909,5.333992395002528,0.06905504990980614
2016,Maturity,IVB,British Virgin Islands,0,4,2,4,682.0,0.0,0.0,0.0,0.0,0.0,2.2236,0.9023488708878078,5.333992395002528,0.09717998495939524
2020,Maturity,IVB,British Virgin Islands,0,3,2,3,761.0,0.0,0.0,0.0,0.0,0.0,2.6302,0.9327800907762442,5.333992395002528,0.06689558868112354
2024,Maturity,IVB,British Virgin Islands,0,4,2,4,738.0,0.0,0.0,0.0,0.0,0.0,2.2236,0.9023488708878078,5.333992395002528,0.09717998495939524
1996,Maturity,BRU,Brunei,0,1,1,1,604.0,0.0,0.0,0.0,0.0,0.0,3.0027,0.9526959548619061,5.333992395002528,0.04707581404160707
2000,Maturity,BRU,Brunei,0,2,2,2,667.0,0.0,0.0,0.0,0.0,0.0,3.0367999999999995,0.9542092114897665,5.333992395002528,0.04556985852760353
2004,Maturity,BRU,Brunei,0,1,1,1,669.0,0.0,0.0,0.0,0.0,0.0,3.0027,0.9526959548619061,5.333992395002528,0.04707581404160707
2012,Maturity,BRU,Brunei,0,3,2,3,670.0,0.0,0.0,0.0,0.0,0.0,2.6302,0.9327800907762442,5.333992395002528,0.06689558868112354
2016,Maturity,BRU,Brunei,0,3,2,3,682.0,0.0,0.0,0.0,0.0,0.0,2.6302,0.9327800907762442,5.333992395002528,0.06689558868112354
2020,Maturity,BRU,Brunei,0,2,2,2,761.0,0.0,0.0,0.0,0.0,0.0,3.0367999999999995,0.9542092114897665,5.333992395002528,0.04556985852760353
2024,Maturity,BRU,Brunei,0,3,2,3,738.0,0.0,0.0,0.0,0.0,0.0,2.6302,0.9327800907762442,5.333992395002528,0.06689558868112354
1956,Formation,CAM,Cambodia,0,2,1,1,342.0,0.0,0.0,0.0,0.0,0.0,2.5961,0.9306101601331909,5.333992395002528,0.06905504990980614
1964,Formation,CAM,Cambodia,0,13,3,10,370.0,0.0,0.0,0.0,0.0,0.0,-0.9951000000000003,0.2699059098945014,5.333992395002528,0.7265715546809505
1972,Formation,CAM,Cambodia,0,9,3,14,439.0,0.0,0.0,0.0,0.0,0.0,0.6312999999999995,0.6527841747816018,5.333992395002528,0.3455405890250484
1996,Maturity,CAM,Cambodia,0,5,3,5,604.0,0.0,0.0,0.0,0.0,0.0,2.2577,0.9053126549625738,5.333992395002528,0.09423050045852735
2000,Maturity,CAM,Cambodia,0,4,2,4,667.0,0.0,0.0,0.0,0.0,0.0,2.2236,0.9023488708878078,5.333992395002528,0.09717998495939524
2004,Maturity,CAM,Cambodia,0,4,2,4,669.0,0.0,0.0,0.0,0.0,0.0,2.2236,0.9023488708878078,5.333992395002528,0.09717998495939524
2008,Maturity,CAM,Cambodia,0,4,2,4,673.0,0.0,0.0,0.0,0.0,0.0,2.2236,0.9023488708878078,5.333992395002528,0.09717998495939524
2012,Maturity,CAM,Cambodia,0,6,4,6,670.0,0.0,0.0,0.0,0.0,0.0,2.2918,0.90819563775754,5.333992395002528,0.09136142738993933
2016,Maturity,CAM,Cambodia,0,6,4,6,682.0,0.0,0.0,0.0,0.0,0.0,2.2918,0.90819563775754,5.333992395002528,0.09136142738993933
2020,Maturity,CAM,Cambodia,0,3,2,3,761.0,0.0,0.0,0.0,0.0,0.0,2.6302,0.9327800907762442,5.333992395002528,0.06689558868112354
2024,Maturity,CAM,Cambodia,0,3,2,3,738.0,0.0,0.0,0.0,0.0,0.0,2.6302,0.9327800907762442,5.333992395002528,0.06689558868112354
1976,Formation,CAY,Cayman Islands,0,2,1,1,444.0,0.0,0.0,0.0,0.0,0.0,2.5961,0.9306101601331909,5.333992395002528,0.06905504990980614
1984,Formation,CAY,Cayman Islands,0,8,2,7,492.0,0.0,0.0,0.0,0.0,0.0,0.5971999999999997,0.6450154494056656,5.333992395002528,0.3532718320946474
1988,Formation,CAY,Cayman Islands,0,8,2,7,528.0,0.0,0.0,0.0,0.0,0.0,0.5971999999999997,0.6450154494056656,5.333992395002528,0.3532718320946474
1992,Maturity,CAY,Cayman Islands,0,10,3,7,573.0,0.0,0.0,0.0,0.0,0.0,0.2246999999999999,0.5559398305674393,5.333992395002528,0.4419176816372807
1996,Maturity,CAY,Cayman Islands,0,9,3,7,604.0,0.0,0.0,0.0,0.0,0.0,0.6312999999999995,0.6527841747816018,5.333992395002528,0.3455405890250484
2000,Maturity,CAY,Cayman Islands,0,3,2,4,667.0,0.0,0.0,0.0,0.0,0.0,2.6302,0.9327800907762442,5.333992395002528,0.06689558868112354
2004,Maturity,CAY,Cayman Islands,0,5,2,8,669.0,0.0,0.0,0.0,0.0,0.0,1.817,0.860205761297488,5.333992395002528,0.139119763775717
2008,Maturity,CAY,Cayman Islands,0,4,2,6,673.0,0.0,0.0,0.0,0.0,0.0,2.2236,0.9023488708878078,5.333992395002528,0.09717998495939524
2012,Maturity,CAY,Cayman Islands,0,4,2,5,670.0,0.0,0.0,0.0,0.0,0.0,2.2236,0.9023488708878078,5.333992395002528,0.09717998495939524
2016,Maturity,CAY,Cayman Islands,0,5,3,5,682.0,0.0,0.0,0.0,0.0,0.0,2.2577,0.9053126549625738,5.333992395002528,0.09423050045852735
2020,Maturity,CAY,Cayman Islands,0,5,3,9,761.0,0.0,0.0,0.0,0.0,0.0,2.2577,0.9053126549625738,5.333992395002528,0.09423050045852735
2024,Maturity,CAY,Cayman Islands,0,4,3,5,738.0,0.0,0.0,0.0,0.0,0.0,2.6643,0.9348869120799613,5.333992395002528,0.06479893230378528
1968,Formation,CAF,Central African Republic,0,1,1,1,386.0,0.0,0.0,0.0,0.0,0.0,3.0027,0.9526959548619061,5.333992395002528,0.04707581404160707
1984,Formation,CAF,Central African Republic,0,3,2,3,492.0,0.0,0.0,0.0,0.0,0.0,2.6302,0.9327800907762442,5.333992395002528,0.06689558868112354
1988,Formation,CAF,Central African Republic,0,15,3,4,528.0,0.0,0.0,0.0,0.0,0.0,-1.8083000000000005,0.1408437116538336,5.333992395002528,0.8550110576122957
1992,Maturity,CAF,Central African Republic,0,15,3,16,573.0,0.0,0.0,0.0,0.0,0.0,-1.8083000000000005,0.1408437116538336,5.333992395002528,0.8550110576122957
1996,Maturity,CAF,Central African Republic,0,5,1,5,604.0,0.0,0.0,0.0,0.0,0.0,1.3763,0.7983961066045667,5.333992395002528,0.2006312011550268
2000,Maturity,CAF,Central African Republic,0,3,2,3,667.0,0.0,0.0,0.0,0.0,0.0,2.6302,0.9327800907762442,5.333992395002528,0.06689558868112354
2004,Maturity,CAF,Central African Republic,0,4,3,4,669.0,0.0,0.0,0.0,0.0,0.0,2.6643,0.9348869120799613,5.333992395002528,0.06479893230378528
2008,Maturity,CAF,Central African Republic,0,3,2,3,673.0,0.0,0.0,0.0,0.0,0.0,2.6302,0.9327800907762442,5.333992395002528,0.06689558868112354
2012,Maturity,CAF,Central African Republic,0,6,4,6,670.0,0.0,0.0,0.0,0.0,0.0,2.2918,0.90819563775754,5.333992395002528,0.09136142738993933
2016,Maturity,CAF,Central African Republic,0,6,4,6,682.0,0.0,0.0,0.0,0.0,0.0,2.2918,0.90819563775754,5.333992395002528,0.09136142738993933
2020,Maturity,CAF,Central African Republic,0,2,2,2,761.0,0.0,0.0,0.0,0.0,0.0,3.0367999999999995,0.9542092114897665,5.333992395002528,0.04556985852760353
2024,Maturity,CAF,Central African Republic,0,4,3,4,738.0,0.0,0.0,0.0,0.0,0.0,2.6643,0.9348869120799613,5.333992395002528,0.06479893230378528
1964,Formation,CHA,Chad,0,2,1,2,370.0,0.0,0.0,0.0,0.0,0.0,2.5961,0.9306101601331909,5.333992395002528,0.06905504990980614
1968,Formation,CHA,Chad,0,3,1,3,386.0,0.0,0.0,0.0,0.0,0.0,2.1895,0.899302636772851,5.333992395002528,0.10021152169804554
1972,Formation,CHA,Chad,0,4,2,4,439.0,0.0,0.0,0.0,0.0,0.0,2.2236,0.9023488708878078,5.333992395002528,0.09717998495939524
1984,Formation,CHA,Chad,0,3,1,3,492.0,0.0,0.0,0.0,0.0,0.0,2.1895,0.899302636772851,5.333992395002528,0.10021152169804554
1988,Formation,CHA,Chad,0,6,1,6,528.0,0.0,0.0,0.0,0.0,0.0,0.9696999999999999,0.7250596973880862,5.333992395002528,0.27361377912855495
1992,Maturity,CHA,Chad,0,6,2,7,573.0,0.0,0.0,0.0,0.0,0.0,1.4103999999999999,0.8038290264690082,5.333992395002528,0.1952244938746078
1996,Maturity,CHA,Chad,0,4,1,4,604.0,0.0,0.0,0.0,0.0,0.0,1.7828999999999997,0.8560545879058464,5.333992395002528,0.14325090871414461
2000,Maturity,CHA,Chad,0,2,1,3,667.0,0.0,0.0,0.0,0.0,0.0,2.5961,0.9306101601331909,5.333992395002528,0.06905504990980614
2004,Maturity,CHA,Chad,0,1,1,1,669.0,0.0,0.0,0.0,0.0,0.0,3.0027,0.9526959548619061,5.333992395002528,0.04707581404160707
2008,Maturity,CHA,Chad,0,2,1,2,673.0,0.0,0.0,0.0,0.0,0.0,2.5961,0.9306101601331909,5.333992395002528,0.06905504990980614
2012,Maturity,CHA,Chad,0,2,2,2,670.0,0.0,0.0,0.0,0.0,0.0,3.0367999999999995,0.9542092114897665,5.333992395002528,0.04556985852760353
2016,Maturity,CHA,Chad,0,2,1,2,682.0,0.0,0.0,0.0,0.0,0.0,2.5961,0.9306101601331909,5.333992395002528,0.06905504990980614
2020,Maturity,CHA,Chad,0,3,3,3,761.0,0.0,0.0,0.0,0.0,0.0,3.0709,0.9556763112387718,5.333992395002528,0.04410983719617096
2024,Maturity,CHA,Chad,0,3,3,3,738.0,0.0,0.0,0.0,0.0,0.0,3.0709,0.9556763112387718,5.333992395002528,0.04410983719617096
1996,Maturity,COM,Comoros,0,4,1,4,604.0,0.0,0.0,0.0,0.0,0.0,1.7828999999999997,0.8560545879058464,5.333992395002528,0.14325090871414461
2000,Maturity,COM,Comoros,0,2,1,2,667.0,0.0,0.0,0.0,0.0,0.0,2.5961,0.9306101601331909,5.333992395002528,0.06905504990980614
2004,Maturity,COM,Comoros,0,3,2,3,669.0,0.0,0.0,0.0,0.0,0.0,2.6302,0.9327800907762442,5.333992395002528,0.06689558868112354
2008,Maturity,COM,Comoros,0,3,2,3,673.0,0.0,0.0,0.0,0.0,0.0,2.6302,0.9327800907762442,5.333992395002528,0.06689558868112354
2012,Maturity,COM,Comoros,0,3,2,3,670.0,0.0,0.0,0.0,0.0,0.0,2.6302,0.9327800907762442,5.333992395002528,0.06689558868112354
2016,Maturity,COM,Comoros,0,4,2,4,682.0,0.0,0.0,0.0,0.0,0.0,2.2236,0.9023488708878078,5.333992395002528,0.09717998495939524
2020,Maturity,COM,Comoros,0,3,2,3,761.0,0.0,0.0,0.0,0.0,0.0,2.6302,0.9327800907762442,5.333992395002528,0.06689558868112354
2024,Maturity,COM,Comoros,0,4,3,5,738.0,0.0,0.0,0.0,0.0,0.0,2.6643,0.9348869120799613,5.333992395002528,0.06479893230378528
1964,Formation,CGO,Congo (Brazzaville),0,2,1,2,370.0,0.0,0.0,0.0,0.0,0.0,2.5961,0.9306101601331909,5.333992395002528,0.06905504990980614
1972,Formation,CGO,Congo (Brazzaville),0,6,1,5,439.0,0.0,0.0,0.0,0.0,0.0,0.9696999999999999,0.7250596973880862,5.333992395002528,0.27361377912855495
1980,Formation,CGO,Congo (Brazzaville),0,23,3,8,454.0,0.0,0.0,0.0,0.0,0.0,-5.061100000000001,0.006298658662896882,5.333992395002528,0.9889069617855919
1984,Formation,CGO,Congo (Brazzaville),0,9,2,10,492.0,0.0,0.0,0.0,0.0,0.0,0.19059999999999966,0.5475062682684024,5.333992395002528,0.45031055394532044
1988,Formation,CGO,Congo (Brazzaville),0,7,1,7,528.0,0.0,0.0,0.0,0.0,0.0,0.5630999999999998,0.637169516607518,5.333992395002528,0.36107991007847084
1992,Maturity,CGO,Congo (Brazzaville),0,7,2,7,573.0,0.0,0.0,0.0,0.0,0.0,1.0037999999999998,0.7318050476613928,5.333992395002528,0.26690097361298676
1996,Maturity,CGO,Congo (Brazzaville),0,5,3,5,604.0,0.0,0.0,0.0,0.0,0.0,2.2577,0.9053126549625738,5.333992395002528,0.09423050045852735
2000,Maturity,CGO,Congo (Brazzaville),0,5,3,5,667.0,0.0,0.0,0.0,0.0,0.0,2.2577,0.9053126549625738,5.333992395002528,0.09423050045852735
2004,Maturity,CGO,Congo (Brazzaville),0,5,4,5,669.0,0.0,0.0,0.0,0.0,0.0,2.6984,0.9369321655598715,5.333992395002528,0.06276354669971854
2008,Maturity,CGO,Congo (Brazzaville),0,5,3,5,673.0,0.0,0.0,0.0,0.0,0.0,2.2577,0.9053126549625738,5.333992395002528,0.09423050045852735
2012,Maturity,CGO,Congo (Brazzaville),0,7,3,6,670.0,0.0,0.0,0.0,0.0,0.0,1.4444999999999997,0.8091505351217405,5.333992395002528,0.18992866027252356
2016,Maturity,CGO,Congo (Brazzaville),0,10,5,9,682.0,0.0,0.0,0.0,0.0,0.0,1.1061,0.751401316164842,5.333992395002528,0.24739925258078527
2020,Maturity,CGO,Congo (Brazzaville),0,3,2,3,761.0,0.0,0.0,0.0,0.0,0.0,2.6302,0.9327800907762442,5.333992395002528,0.06689558868112354
2024,Maturity,CGO,Congo (Brazzaville),0,4,3,4,738.0,0.0,0.0,0.0,0.0,0.0,2.6643,0.9348869120799613,5.333992395002528,0.06479893230378528
1968,Formation,COD,Congo (Kinshasa),0,5,1,2,386.0,0.0,0.0,0.0,0.0,0.0,1.3763,0.7983961066045667,5.333992395002528,0.2006312011550268
1984,Formation,COD,Congo (Kinshasa),0,8,2,9,492.0,0.0,0.0,0.0,0.0,0.0,0.5971999999999997,0.6450154494056656,5.333992395002528,0.3532718320946474
1988,Formation,COD,Congo (Kinshasa),0,15,3,15,528.0,0.0,0.0,0.0,0.0,0.0,-1.8083000000000005,0.1408437116538336,5.333992395002528,0.8550110576122957
1992,Maturity,COD,Congo (Kinshasa),0,17,4,14,573.0,0.0,0.0,0.0,0.0,0.0,-2.1808000000000005,0.10148795411735502,5.333992395002528,0.8941769327049072
1996,Maturity,COD,Congo (Kinshasa),0,14,2,2,604.0,0.0,0.0,0.0,0.0,0.0,-1.8424000000000003,0.1367676959801592,5.333992395002528,0.8590674074513933
2000,Maturity,COD,Congo (Kinshasa),0,2,1,3,667.0,0.0,0.0,0.0,0.0,0.0,2.5961,0.9306101601331909,5.333992395002528,0.06905504990980614
2004,Maturity,COD,Congo (Kinshasa),0,4,2,4,669.0,0.0,0.0,0.0,0.0,0.0,2.2236,0.9023488708878078,5.333992395002528,0.09717998495939524
2008,Maturity,COD,Congo (Kinshasa),0,5,4,5,673.0,0.0,0.0,0.0,0.0,0.0,2.6984,0.9369321655598715,5.333992395002528,0.06276354669971854
2012,Maturity,COD,Congo (Kinshasa),0,4,3,4,670.0,0.0,0.0,0.0,0.0,0.0,2.6643,0.9348869120799613,5.333992395002528,0.06479893230378528
2016,Maturity,COD,Congo (Kinshasa),0,4,3,4,682.0,0.0,0.0,0.0,0.0,0.0,2.6643,0.9348869120799613,5.333992395002528,0.06479893230378528
2020,Maturity,COD,Congo (Kinshasa),0,7,4,7,761.0,0.0,0.0,0.0,0.0,0.0,1.8851999999999998,0.8682072682536348,5.333992395002528,0.1311568622432886
2024,Maturity,COD,Congo (Kinshasa),0,6,4,6,738.0,0.0,0.0,0.0,0.0,0.0,2.2918,0.90819563775754,5.333992395002528,0.09136142738993933
1988,Formation,COK,Cook Islands,0,7,3,8,528.0,0.0,0.0,0.0,0.0,0.0,1.4444999999999997,0.8091505351217405,5.333992395002528,0.18992866027252356
1992,Maturity,COK,Cook Islands,0,2,2,2,573.0,0.0,0.0,0.0,0.0,0.0,3.0367999999999995,0.9542092114897665,5.333992395002528,0.04556985852760353
1996,Maturity,COK,Cook Islands,0,3,3,3,604.0,0.0,0.0,0.0,0.0,0.0,3.0709,0.9556763112387718,5.333992395002528,0.04410983719617096
2000,Maturity,COK,Cook Islands,0,2,2,2,667.0,0.0,0.0,0.0,0.0,0.0,3.0367999999999995,0.9542092114897665,5.333992395002528,0.04556985852760353
2004,Maturity,COK,Cook Islands,0,3,2,3,669.0,0.0,0.0,0.0,0.0,0.0,2.6302,0.9327800907762442,5.333992395002528,0.06689558868112354
2008,Maturity,COK,Cook Islands,0,4,3,4,673.0,0.0,0.0,0.0,0.0,0.0,2.6643,0.9348869120799613,5.333992395002528,0.06479893230378528
2012,Maturity,COK,Cook Islands,0,8,5,9,670.0,0.0,0.0,0.0,0.0,0.0,1.9192999999999998,0.8720603542543337,5.333992395002528,0.12732236649296322
2016,Maturity,COK,Cook Islands,0,9,5,9,682.0,0.0,0.0,0.0,0.0,0.0,1.5126999999999997,0.8194610020502738,5.333992395002528,0.17966793896649505
2020,Maturity,COK,Cook Islands,0,6,4,9,761.0,0.0,0.0,0.0,0.0,0.0,2.2918,0.90819563775754,5.333992395002528,0.09136142738993933
2024,Maturity,COK,Cook Islands,0,2,2,2,738.0,0.0,0.0,0.0,0.0,0.0,3.0367999999999995,0.9542092114897665,5.333992395002528,0.04556985852760353
1932,Early,ESA,El Salvador,0,1,1,1,268.0,0.0,0.0,0.0,0.0,0.0,3.0027,0.9526959548619061,5.333992395002528,0.04707581404160707
1968,Formation,ESA,El Salvador,0,60,7,48,386.0,0.0,0.0,0.0,0.0,0.0,-18.3425,1.081318071020239e-08,5.333992395002528,0.9951752201136312
1972,Formation,ESA,El Salvador,0,11,2,12,439.0,0.0,0.0,0.0,0.0,0.0,-0.6226,0.3491903532154106,5.333992395002528,0.6476696404942972
1984,Formation,ESA,El Salvador,0,10,5,15,492.0,0.0,0.0,0.0,0.0,0.0,1.1061,0.751401316164842,5.333992395002528,0.24739925258078527
1988,Formation,ESA,El Salvador,0,6,4,7,528.0,0.0,0.0,0.0,0.0,0.0,2.2918,0.90819563775754,5.333992395002528,0.09136142738993933
1992,Maturity,ESA,El Salvador,0,4,3,6,573.0,0.0,0.0,0.0,0.0,0.0,2.6643,0.9348869120799613,5.333992395002528,0.06479893230378528
1996,Maturity,ESA,El Salvador,0,8,5,10,604.0,0.0,0.0,0.0,0.0,0.0,1.9192999999999998,0.8720603542543337,5.333992395002528,0.12732236649296322
2000,Maturity,ESA,El Salvador,0,8,7,10,667.0,0.0,0.0,0.0,0.0,0.0,2.8006999999999995,0.9427136390620782,5.333992395002528,0.057009967472364365
2004,Maturity,ESA,El Salvador,0,7,6,9,669.0,0.0,0.0,0.0,0.0,0.0,2.7665999999999995,0.9408440377098902,5.333992395002528,0.05887054842967154
2008,Maturity,ESA,El Salvador,0,11,9,14,673.0,0.0,0.0,0.0,0.0,0.0,2.4623,0.9214562858499168,5.333992395002528,0.07816475886306086
2012,Maturity,ESA,El Salvador,0,10,7,11,670.0,0.0,0.0,0.0,0.0,0.0,1.9874999999999998,0.8794783984642804,5.333992395002528,0.11994011263369118
2016,Maturity,ESA,El Salvador,0,8,6,10,682.0,0.0,0.0,0.0,0.0,0.0,2.3599999999999994,0.9137258055040833,5.333992395002528,0.08585794142599754
2020,Maturity,ESA,El Salvador,0,5,4,7,761.0,0.0,0.0,0.0,0.0,0.0,2.6984,0.9369321655598715,5.333992395002528,0.06276354669971854
2024,Maturity,ESA,El Salvador,0,8,7,9,738.0,0.0,0.0,0.0,0.0,0.0,2.8006999999999995,0.9427136390620782,5.333992395002528,0.057009967472364365
1984,Formation,GEQ,Equatorial Guinea,0,4,1,5,492.0,0.0,0.0,0.0,0.0,0.0,1.7828999999999997,0.8560545879058464,5.333992395002528,0.14325090871414461
1988,Formation,GEQ,Equatorial Guinea,0,6,1,7,528.0,0.0,0.0,0.0,0.0,0.0,0.9696999999999999,0.7250596973880862,5.333992395002528,0.27361377912855495
1992,Maturity,GEQ,Equatorial Guinea,0,7,1,8,573.0,0.0,0.0,0.0,0.0,0.0,0.5630999999999998,0.637169516607518,5.333992395002528,0.36107991007847084
1996,Maturity,GEQ,Equatorial Guinea,0,5,1,5,604.0,0.0,0.0,0.0,0.0,0.0,1.3763,0.7983961066045667,5.333992395002528,0.2006312011550268
2000,Maturity,GEQ,Equatorial Guinea,0,4,2,4,667.0,0.0,0.0,0.0,0.0,0.0,2.2236,0.9023488708878078,5.333992395002528,0.09717998495939524
2004,Maturity,GEQ,Equatorial Guinea,0,2,1,2,669.0,0.0,0.0,0.0,0.0,0.0,2.5961,0.9306101601331909,5.333992395002528,0.06905504990980614
2008,Maturity,GEQ,Equatorial Guinea,0,3,2,3,673.0,0.0,0.0,0.0,0.0,0.0,2.6302,0.9327800907762442,5.333992395002528,0.06689558868112354
2012,Maturity,GEQ,Equatorial Guinea,0,2,1,2,670.0,0.0,0.0,0.0,0.0,0.0,2.5961,0.9306101601331909,5.333992395002528,0.06905504990980614
2016,Maturity,GEQ,Equatorial Guinea,0,1,1,1,682.0,0.0,0.0,0.0,0.0,0.0,3.0027,0.9526959548619061,5.333992395002528,0.04707581404160707
2020,Maturity,GEQ,Equatorial Guinea,0,3,2,3,761.0,0.0,0.0,0.0,0.0,0.0,2.6302,0.9327800907762442,5.333992395002528,0.06689558868112354
2024,Maturity,GEQ,Equatorial Guinea,0,3,2,3,738.0,0.0,0.0,0.0,0.0,0.0,2.6302,0.9327800907762442,5.333992395002528,0.06689558868112354
2000,Maturity,FSM,Federated States of Micronesia,0,5,3,5,667.0,0.0,0.0,0.0,0.0,0.0,2.2577,0.9053126549625738,5.333992395002528,0.09423050045852735
2004,Maturity,FSM,Federated States of Micronesia,0,5,3,5,669.0,0.0,0.0,0.0,0.0,0.0,2.2577,0.9053126549625738,5.333992395002528,0.09423050045852735
2008,Maturity,FSM,Federated States of Micronesia,0,5,3,5,673.0,0.0,0.0,0.0,0.0,0.0,2.2577,0.9053126549625738,5.333992395002528,0.09423050045852735
2012,Maturity,FSM,Federated States of Micronesia,0,6,4,6,670.0,0.0,0.0,0.0,0.0,0.0,2.2918,0.90819563775754,5.333992395002528,0.09136142738993933
2016,Maturity,FSM,Federated States of Micronesia,0,5,3,5,682.0,0.0,0.0,0.0,0.0,0.0,2.2577,0.9053126549625738,5.333992395002528,0.09423050045852735
2020,Maturity,FSM,Federated States of Micronesia,0,3,2,3,761.0,0.0,0.0,0.0,0.0,0.0,2.6302,0.9327800907762442,5.333992395002528,0.06689558868112354
2024,Maturity,FSM,Federated States of Micronesia,0,3,2,3,738.0,0.0,0.0,0.0,0.0,0.0,2.6302,0.9327800907762442,5.333992395002528,0.06689558868112354
1984,Formation,GAM,Gambia,0,10,1,9,492.0,0.0,0.0,0.0,0.0,0.0,-0.6567,0.3414812999013426,5.333992395002528,0.6553414994059498
1988,Formation,GAM,Gambia,0,6,2,6,528.0,0.0,0.0,0.0,0.0,0.0,1.4103999999999999,0.8038290264690082,5.333992395002528,0.1952244938746078
1992,Maturity,GAM,Gambia,0,5,1,5,573.0,0.0,0.0,0.0,0.0,0.0,1.3763,0.7983961066045667,5.333992395002528,0.2006312011550268
1996,Maturity,GAM,Gambia,0,9,1,6,604.0,0.0,0.0,0.0,0.0,0.0,-0.2501000000000003,0.43779888585898513,5.333992395002528,0.5594886235632648
2000,Maturity,GAM,Gambia,0,2,1,2,667.0,0.0,0.0,0.0,0.0,0.0,2.5961,0.9306101601331909,5.333992395002528,0.06905504990980614
2004,Maturity,GAM,Gambia,0,2,1,3,669.0,0.0,0.0,0.0,0.0,0.0,2.5961,0.9306101601331909,5.333992395002528,0.06905504990980614
2008,Maturity,GAM,Gambia,0,3,2,3,673.0,0.0,0.0,0.0,0.0,0.0,2.6302,0.9327800907762442,5.333992395002528,0.06689558868112354
2012,Maturity,GAM,Gambia,0,2,1,2,670.0,0.0,0.0,0.0,0.0,0.0,2.5961,0.9306101601331909,5.333992395002528,0.06905504990980614
2016,Maturity,GAM,Gambia,0,4,3,4,682.0,0.0,0.0,0.0,0.0,0.0,2.6643,0.9348869120799613,5.333992395002528,0.06479893230378528
2020,Maturity,GAM,Gambia,0,4,3,5,761.0,0.0,0.0,0.0,0.0,0.0,2.6643,0.9348869120799613,5.333992395002528,0.06479893230378528
2024,Maturity,GAM,Gambia,0,7,4,8,738.0,0.0,0.0,0.0,0.0,0.0,1.8851999999999998,0.8682072682536348,5.333992395002528,0.1311568622432886
1988,Formation,GUM,Guam,0,19,7,22,528.0,0.0,0.0,0.0,0.0,0.0,-1.6719000000000004,0.15817102389620696,5.333992395002528,0.8377673456510548
1992,Maturity,GUM,Guam,0,22,8,27,573.0,0.0,0.0,0.0,0.0,0.0,-2.4509999999999996,0.07936545186589647,5.333992395002528,0.9161926989905271
1996,Maturity,GUM,Guam,0,8,4,9,604.0,0.0,0.0,0.0,0.0,0.0,1.4785999999999997,0.8143610258444147,5.333992395002528,0.18474330896461608
2000,Maturity,GUM,Guam,0,7,5,7,667.0,0.0,0.0,0.0,0.0,0.0,2.3259,0.9109994707531521,5.333992395002528,0.08857112224119706
2004,Maturity,GUM,Guam,0,4,3,4,669.0,0.0,0.0,0.0,0.0,0.0,2.6643,0.9348869120799613,5.333992395002528,0.06479893230378528
2008,Maturity,GUM,Guam,0,6,5,7,673.0,0.0,0.0,0.0,0.0,0.0,2.7325,0.9389173734549439,5.333992395002528,0.06078791697440571
2012,Maturity,GUM,Guam,0,8,5,8,670.0,0.0,0.0,0.0,0.0,0.0,1.9192999999999998,0.8720603542543337,5.333992395002528,0.12732236649296322
2016,Maturity,GUM,Guam,0,5,3,5,682.0,0.0,0.0,0.0,0.0,0.0,2.2577,0.9053126549625738,5.333992395002528,0.09423050045852735
2020,Maturity,GUM,Guam,0,5,4,5,761.0,0.0,0.0,0.0,0.0,0.0,2.6984,0.9369321655598715,5.333992395002528,0.06276354669971854
2024,Maturity,GUM,Guam,0,7,6,9,738.0,0.0,0.0,0.0,0.0,0.0,2.7665999999999995,0.9408440377098902,5.333992395002528,0.05887054842967154
1968,Formation,GUI,Guinea,0,14,1,1,386.0,0.0,0.0,0.0,0.0,0.0,-2.2831,0.09253231683296738,5.333992395002528,0.9030893611070272
1980,Formation,GUI,Guinea,0,9,3,10,454.0,0.0,0.0,0.0,0.0,0.0,0.6312999999999995,0.6527841747816018,5.333992395002528,0.3455405890250484
1984,Formation,GUI,Guinea,0,1,1,1,492.0,0.0,0.0,0.0,0.0,0.0,3.0027,0.9526959548619061,5.333992395002528,0.04707581404160707
1988,Formation,GUI,Guinea,0,6,3,7,528.0,0.0,0.0,0.0,0.0,0.0,1.8510999999999997,0.8642562038660018,5.333992395002528,0.13508886365745187
1992,Maturity,GUI,Guinea,0,8,2,11,573.0,0.0,0.0,0.0,0.0,0.0,0.5971999999999997,0.6450154494056656,5.333992395002528,0.3532718320946474
1996,Maturity,GUI,Guinea,0,5,2,5,604.0,0.0,0.0,0.0,0.0,0.0,1.817,0.860205761297488,5.333992395002528,0.139119763775717
2000,Maturity,GUI,Guinea,0,6,4,6,667.0,0.0,0.0,0.0,0.0,0.0,2.2918,0.90819563775754,5.333992395002528,0.09136142738993933
2004,Maturity,GUI,Guinea,0,3,3,4,669.0,0.0,0.0,0.0,0.0,0.0,3.0709,0.9556763112387718,5.333992395002528,0.04410983719617096
2008,Maturity,GUI,Guinea,0,5,3,5,673.0,0.0,0.0,0.0,0.0,0.0,2.2577,0.9053126549625738,5.333992395002528,0.09423050045852735
2012,Maturity,GUI,Guinea,0,4,3,4,670.0,0.0,0.0,0.0,0.0,0.0,2.6643,0.9348869120799613,5.333992395002528,0.06479893230378528
2016,Maturity,GUI,Guinea,0,5,3,5,682.0,0.0,0.0,0.0,0.0,0.0,2.2577,0.9053126549625738,5.333992395002528,0.09423050045852735
2020,Maturity,GUI,Guinea,0,5,4,5,761.0,0.0,0.0,0.0,0.0,0.0,2.6984,0.9369321655598715,5.333992395002528,0.06276354669971854
2024,Maturity,GUI,Guinea,0,25,5,7,738.0,0.0,0.0,0.0,0.0,0.0,-4.992900000000001,0.006740217829340701,5.333992395002528,0.9884675330401813
1996,Maturity,GBS,Guinea Bissau,0,3,2,3,604.0,0.0,0.0,0.0,0.0,0.0,2.6302,0.9327800907762442,5.333992395002528,0.06689558868112354
2000,Maturity,GBS,Guinea Bissau,0,3,2,3,667.0,0.0,0.0,0.0,0.0,0.0,2.6302,0.9327800907762442,5.333992395002528,0.06689558868112354
2004,Maturity,GBS,Guinea Bissau,0,3,2,3,669.0,0.0,0.0,0.0,0.0,0.0,2.6302,0.9327800907762442,5.333992395002528,0.06689558868112354
2008,Maturity,GBS,Guinea Bissau,0,3,2,3,673.0,0.0,0.0,0.0,0.0,0.0,2.6302,0.9327800907762442,5.333992395002528,0.06689558868112354
2012,Maturity,GBS,Guinea Bissau,0,4,2,4,670.0,0.0,0.0,0.0,0.0,0.0,2.2236,0.9023488708878078,5.333992395002528,0.09717998495939524
2016,Maturity,GBS,Guinea Bissau,0,5,3,5,682.0,0.0,0.0,0.0,0.0,0.0,2.2577,0.9053126549625738,5.333992395002528,0.09423050045852735
2020,Maturity,GBS,Guinea Bissau,0,4,3,4,761.0,0.0,0.0,0.0,0.0,0.0,2.6643,0.9348869120799613,5.333992395002528,0.06479893230378528
2024,Maturity,GBS,Guinea Bissau,0,6,5,6,738.0,0.0,0.0,0.0,0.0,0.0,2.7325,0.9389173734549439,5.333992395002528,0.06078791697440571
1968,Formation,HON,Honduras,0,6,1,4,386.0,0.0,0.0,0.0,0.0,0.0,0.9696999999999999,0.7250596973880862,5.333992395002528,0.27361377912855495
1976,Formation,HON,Honduras,0,3,1,2,444.0,0.0,0.0,0.0,0.0,0.0,2.1895,0.899302636772851,5.333992395002528,0.10021152169804554
1984,Formation,HON,Honduras,0,10,3,20,492.0,0.0,0.0,0.0,0.0,0.0,0.2246999999999999,0.5559398305674393,5.333992395002528,0.4419176816372807
1988,Formation,HON,Honduras,0,8,3,15,528.0,0.0,0.0,0.0,0.0,0.0,1.0378999999999996,0.7384446064742182,5.333992395002528,0.2602934491385275
1992,Maturity,HON,Honduras,0,10,4,25,573.0,0.0,0.0,0.0,0.0,0.0,0.6654,0.6604723782824262,5.333992395002528,0.3378894793311042
1996,Maturity,HON,Honduras,0,7,4,7,604.0,0.0,0.0,0.0,0.0,0.0,1.8851999999999998,0.8682072682536348,5.333992395002528,0.1311568622432886
2000,Maturity,HON,Honduras,0,20,3,4,667.0,0.0,0.0,0.0,0.0,0.0,-3.8412999999999995,0.021014585495843285,5.333992395002528,0.9742620359020803
2004,Maturity,HON,Honduras,0,5,4,5,669.0,0.0,0.0,0.0,0.0,0.0,2.6984,0.9369321655598715,5.333992395002528,0.06276354669971854
2008,Maturity,HON,Honduras,0,25,5,8,673.0,0.0,0.0,0.0,0.0,0.0,-4.992900000000001,0.006740217829340701,5.333992395002528,0.9884675330401813
2012,Maturity,HON,Honduras,0,25,8,10,670.0,0.0,0.0,0.0,0.0,0.0,-3.6708000000000007,0.024824170432506655,5.333992395002528,0.9704708313331997
2016,Maturity,HON,Honduras,0,23,7,8,682.0,0.0,0.0,0.0,0.0,0.0,-3.2983000000000007,0.035629555335880754,5.333992395002528,0.959717579917295
2020,Maturity,HON,Honduras,0,27,5,7,761.0,0.0,0.0,0.0,0.0,0.0,-5.806100000000001,0.0030001150997508324,5.333992395002528,0.9921895906375958
2024,Maturity,HON,Honduras,0,4,3,4,738.0,0.0,0.0,0.0,0.0,0.0,2.6643,0.9348869120799613,5.333992395002528,0.06479893230378528
2004,Maturity,KIR,Kiribati,0,3,2,3,669.0,0.0,0.0,0.0,0.0,0.0,2.6302,0.9327800907762442,5.333992395002528,0.06689558868112354
2008,Maturity,KIR,Kiribati,0,2,2,2,673.0,0.0,0.0,0.0,0.0,0.0,3.0367999999999995,0.9542092114897665,5.333992395002528,0.04556985852760353
2012,Maturity,KIR,Kiribati,0,3,2,3,670.0,0.0,0.0,0.0,0.0,0.0,2.6302,0.9327800907762442,5.333992395002528,0.06689558868112354
2016,Maturity,KIR,Kiribati,0,3,2,3,682.0,0.0,0.0,0.0,0.0,0.0,2.6302,0.9327800907762442,5.333992395002528,0.06689558868112354
2020,Maturity,KIR,Kiribati,0,3,3,3,761.0,0.0,0.0,0.0,0.0,0.0,3.0709,0.9556763112387718,5.333992395002528,0.04410983719617096
2024,Maturity,KIR,Kiribati,0,3,3,3,738.0,0.0,0.0,0.0,0.0,0.0,3.0709,0.9556763112387718,5.333992395002528,0.04410983719617096
1980,Formation,LAO,Laos,0,19,3,16,454.0,0.0,0.0,0.0,0.0,0.0,-3.4347000000000003,0.031228428437996923,5.333992395002528,0.9640974723940051
1988,Formation,LAO,Laos,0,3,2,3,528.0,0.0,0.0,0.0,0.0,0.0,2.6302,0.9327800907762442,5.333992395002528,0.06689558868112354
1992,Maturity,LAO,Laos,0,6,2,7,573.0,0.0,0.0,0.0,0.0,0.0,1.4103999999999999,0.8038290264690082,5.333992395002528,0.1952244938746078
1996,Maturity,LAO,Laos,0,5,1,2,604.0,0.0,0.0,0.0,0.0,0.0,1.3763,0.7983961066045667,5.333992395002528,0.2006312011550268
2000,Maturity,LAO,Laos,0,3,2,3,667.0,0.0,0.0,0.0,0.0,0.0,2.6302,0.9327800907762442,5.333992395002528,0.06689558868112354
2004,Maturity,LAO,Laos,0,5,3,5,669.0,0.0,0.0,0.0,0.0,0.0,2.2577,0.9053126549625738,5.333992395002528,0.09423050045852735
2008,Maturity,LAO,Laos,0,4,2,4,673.0,0.0,0.0,0.0,0.0,0.0,2.2236,0.9023488708878078,5.333992395002528,0.09717998495939524
2012,Maturity,LAO,Laos,0,3,2,3,670.0,0.0,0.0,0.0,0.0,0.0,2.6302,0.9327800907762442,5.333992395002528,0.06689558868112354
2016,Maturity,LAO,Laos,0,5,4,5,682.0,0.0,0.0,0.0,0.0,0.0,2.6984,0.9369321655598715,5.333992395002528,0.06276354669971854
2020,Maturity,LAO,Laos,0,4,3,4,761.0,0.0,0.0,0.0,0.0,0.0,2.6643,0.9348869120799613,5.333992395002528,0.06479893230378528
2024,Maturity,LAO,Laos,0,4,3,4,738.0,0.0,0.0,0.0,0.0,0.0,2.6643,0.9348869120799613,5.333992395002528,0.06479893230378528
1972,Formation,LES,Lesotho,0,1,1,2,439.0,0.0,0.0,0.0,0.0,0.0,3.0027,0.9526959548619061,5.333992395002528,0.04707581404160707
1980,Formation,LES,Lesotho,0,5,1,6,454.0,0.0,0.0,0.0,0.0,0.0,1.3763,0.7983961066045667,5.333992395002528,0.2006312011550268
1984,Formation,LES,Lesotho,0,4,2,4,492.0,0.0,0.0,0.0,0.0,0.0,2.2236,0.9023488708878078,5.333992395002528,0.09717998495939524
1988,Formation,LES,Lesotho,0,6,2,5,528.0,0.0,0.0,0.0,0.0,0.0,1.4103999999999999,0.8038290264690082,5.333992395002528,0.1952244938746078
1992,Maturity,LES,Lesotho,0,6,1,8,573.0,0.0,0.0,0.0,0.0,0.0,0.9696999999999999,0.7250596973880862,5.333992395002528,0.27361377912855495
1996,Maturity,LES,Lesotho,0,9,1,5,604.0,0.0,0.0,0.0,0.0,0.0,-0.2501000000000003,0.43779888585898513,5.333992395002528,0.5594886235632648
2000,Maturity,LES,Lesotho,0,6,3,6,667.0,0.0,0.0,0.0,0.0,0.0,1.8510999999999997,0.8642562038660018,5.333992395002528,0.13508886365745187
2004,Maturity,LES,Lesotho,0,3,2,3,669.0,0.0,0.0,0.0,0.0,0.0,2.6302,0.9327800907762442,5.333992395002528,0.06689558868112354
2008,Maturity,LES,Lesotho,0,5,2,3,673.0,0.0,0.0,0.0,0.0,0.0,1.817,0.860205761297488,5.333992395002528,0.139119763775717
2012,Maturity,LES,Lesotho,0,4,2,4,670.0,0.0,0.0,0.0,0.0,0.0,2.2236,0.9023488708878078,5.333992395002528,0.09717998495939524
2016,Maturity,LES,Lesotho,0,8,3,8,682.0,0.0,0.0,0.0,0.0,0.0,1.0378999999999996,0.7384446064742182,5.333992395002528,0.2602934491385275
2020,Maturity,LES,Lesotho,0,2,1,2,761.0,0.0,0.0,0.0,0.0,0.0,2.5961,0.9306101601331909,5.333992395002528,0.06905504990980614
2024,Maturity,LES,Lesotho,0,3,2,3,738.0,0.0,0.0,0.0,0.0,0.0,2.6302,0.9327800907762442,5.333992395002528,0.06689558868112354
1956,Formation,LBR,Liberia,0,4,1,6,342.0,0.0,0.0,0.0,0.0,0.0,1.7828999999999997,0.8560545879058464,5.333992395002528,0.14325090871414461
1960,Formation,LBR,Liberia,0,4,1,5,340.0,0.0,0.0,0.0,0.0,0.0,1.7828999999999997,0.8560545879058464,5.333992395002528,0.14325090871414461
1964,Formation,LBR,Liberia,0,1,1,2,370.0,0.0,0.0,0.0,0.0,0.0,3.0027,0.9526959548619061,5.333992395002528,0.04707581404160707
1972,Formation,LBR,Liberia,0,5,1,5,439.0,0.0,0.0,0.0,0.0,0.0,1.3763,0.7983961066045667,5.333992395002528,0.2006312011550268
1984,Formation,LBR,Liberia,0,7,1,7,492.0,0.0,0.0,0.0,0.0,0.0,0.5630999999999998,0.637169516607518,5.333992395002528,0.36107991007847084
1988,Formation,LBR,Liberia,0,8,2,10,528.0,0.0,0.0,0.0,0.0,0.0,0.5971999999999997,0.6450154494056656,5.333992395002528,0.3532718320946474
1996,Maturity,LBR,Liberia,0,5,1,3,604.0,0.0,0.0,0.0,0.0,0.0,1.3763,0.7983961066045667,5.333992395002528,0.2006312011550268
2000,Maturity,LBR,Liberia,0,8,1,7,667.0,0.0,0.0,0.0,0.0,0.0,0.15649999999999975,0.5390453401590825,5.333992395002528,0.4587306600299267
2004,Maturity,LBR,Liberia,0,2,1,2,669.0,0.0,0.0,0.0,0.0,0.0,2.5961,0.9306101601331909,5.333992395002528,0.06905504990980614
2008,Maturity,LBR,Liberia,0,3,1,4,673.0,0.0,0.0,0.0,0.0,0.0,2.1895,0.899302636772851,5.333992395002528,0.10021152169804554
2012,Maturity,LBR,Liberia,0,3,1,3,670.0,0.0,0.0,0.0,0.0,0.0,2.1895,0.899302636772851,5.333992395002528,0.10021152169804554
2016,Maturity,LBR,Liberia,0,2,1,3,682.0,0.0,0.0,0.0,0.0,0.0,2.5961,0.9306101601331909,5.333992395002528,0.06905504990980614
2020,Maturity,LBR,Liberia,0,3,1,3,761.0,0.0,0.0,0.0,0.0,0.0,2.1895,0.899302636772851,5.333992395002528,0.10021152169804554
2024,Maturity,LBR,Liberia,0,8,1,5,738.0,0.0,0.0,0.0,0.0,0.0,0.15649999999999975,0.5390453401590825,5.333992395002528,0.4587306600299267
1968,Formation,LBA,Libya,0,1,1,1,386.0,0.0,0.0,0.0,0.0,0.0,3.0027,0.9526959548619061,5.333992395002528,0.04707581404160707
1980,Formation,LBA,Libya,0,29,5,20,454.0,0.0,0.0,0.0,0.0,0.0,-6.619300000000001,0.0013325865176678296,5.333992395002528,0.9938490737792604
1988,Formation,LBA,Libya,0,6,3,5,528.0,0.0,0.0,0.0,0.0,0.0,1.8510999999999997,0.8642562038660018,5.333992395002528,0.13508886365745187
1992,Maturity,LBA,Libya,0,5,4,5,573.0,0.0,0.0,0.0,0.0,0.0,2.6984,0.9369321655598715,5.333992395002528,0.06276354669971854
1996,Maturity,LBA,Libya,0,5,2,5,604.0,0.0,0.0,0.0,0.0,0.0,1.817,0.860205761297488,5.333992395002528,0.139119763775717
2000,Maturity,LBA,Libya,0,3,3,3,667.0,0.0,0.0,0.0,0.0,0.0,3.0709,0.9556763112387718,5.333992395002528,0.04410983719617096
2004,Maturity,LBA,Libya,0,8,5,8,669.0,0.0,0.0,0.0,0.0,0.0,1.9192999999999998,0.8720603542543337,5.333992395002528,0.12732236649296322
2008,Maturity,LBA,Libya,0,6,4,6,673.0,0.0,0.0,0.0,0.0,0.0,2.2918,0.90819563775754,5.333992395002528,0.09136142738993933
2012,Maturity,LBA,Libya,0,4,3,4,670.0,0.0,0.0,0.0,0.0,0.0,2.6643,0.9348869120799613,5.333992395002528,0.06479893230378528
2016,Maturity,LBA,Libya,0,7,6,7,682.0,0.0,0.0,0.0,0.0,0.0,2.7665999999999995,0.9408440377098902,5.333992395002528,0.05887054842967154
2020,Maturity,LBA,Libya,0,4,4,4,761.0,0.0,0.0,0.0,0.0,0.0,3.1049999999999995,0.9570985196432062,5.333992395002528,0.04269449061893609
2024,Maturity,LBA,Libya,0,6,5,6,738.0,0.0,0.0,0.0,0.0,0.0,2.7325,0.9389173734549439,5.333992395002528,0.06078791697440571
1936,Early,LIE,Liechtenstein,0,6,3,5,302.0,0.0,0.0,0.0,0.0,0.0,1.8510999999999997,0.8642562038660018,5.333992395002528,0.13508886365745187
1948,Formation,LIE,Liechtenstein,0,2,1,1,312.0,0.0,0.0,0.0,0.0,0.0,2.5961,0.9306101601331909,5.333992395002528,0.06905504990980614
1952,Formation,LIE,Liechtenstein,0,2,1,1,338.0,0.0,0.0,0.0,0.0,0.0,2.5961,0.9306101601331909,5.333992395002528,0.06905504990980614
1960,Formation,LIE,Liechtenstein,0,5,3,6,340.0,0.0,0.0,0.0,0.0,0.0,2.2577,0.9053126549625738,5.333992395002528,0.09423050045852735
1964,Formation,LIE,Liechtenstein,0,2,1,3,370.0,0.0,0.0,0.0,0.0,0.0,2.5961,0.9306101601331909,5.333992395002528,0.06905504990980614
1968,Formation,LIE,Liechtenstein,0,2,1,3,386.0,0.0,0.0,0.0,0.0,0.0,2.5961,0.9306101601331909,5.333992395002528,0.06905504990980614
1972,Formation,LIE,Liechtenstein,0,6,4,11,439.0,0.0,0.0,0.0,0.0,0.0,2.2918,0.90819563775754,5.333992395002528,0.09136142738993933
1976,Formation,LIE,Liechtenstein,0,6,2,9,444.0,0.0,0.0,0.0,0.0,0.0,1.4103999999999999,0.8038290264690082,5.333992395002528,0.1952244938746078
1984,Formation,LIE,Liechtenstein,0,7,3,7,492.0,0.0,0.0,0.0,0.0,0.0,1.4444999999999997,0.8091505351217405,5.333992395002528,0.18992866027252356
1988,Formation,LIE,Liechtenstein,0,12,5,15,528.0,0.0,0.0,0.0,0.0,0.0,0.29289999999999994,0.5727059522465854,5.333992395002528,0.4252324526243642
1992,Maturity,LIE,Liechtenstein,0,7,4,8,573.0,0.0,0.0,0.0,0.0,0.0,1.8851999999999998,0.8682072682536348,5.333992395002528,0.1311568622432886
1996,Maturity,LIE,Liechtenstein,0,2,2,2,604.0,0.0,0.0,0.0,0.0,0.0,3.0367999999999995,0.9542092114897665,5.333992395002528,0.04556985852760353
2000,Maturity,LIE,Liechtenstein,0,2,2,2,667.0,0.0,0.0,0.0,0.0,0.0,3.0367999999999995,0.9542092114897665,5.333992395002528,0.04556985852760353
2004,Maturity,LIE,Liechtenstein,0,1,1,1,669.0,0.0,0.0,0.0,0.0,0.0,3.0027,0.9526959548619061,5.333992395002528,0.04707581404160707
2008,Maturity,LIE,Liechtenstein,0,2,2,2,673.0,0.0,0.0,0.0,0.0,0.0,3.0367999999999995,0.9542092114897665,5.333992395002528,0.04556985852760353
2012,Maturity,LIE,Liechtenstein,0,3,3,4,670.0,0.0,0.0,0.0,0.0,0.0,3.0709,0.9556763112387718,5.333992395002528,0.04410983719617096
2016,Maturity,LIE,Liechtenstein,0,3,2,3,682.0,0.0,0.0,0.0,0.0,0.0,2.6302,0.9327800907762442,5.333992395002528,0.06689558868112354
2020,Maturity,LIE,Liechtenstein,0,5,3,8,761.0,0.0,0.0,0.0,0.0,0.0,2.2577,0.9053126549625738,5.333992395002528,0.09423050045852735
2024,Maturity,LIE,Liechtenstein,0,1,1,1,738.0,0.0,0.0,0.0,0.0,0.0,3.0027,0.9526959548619061,5.333992395002528,0.04707581404160707
1964,Formation,MAD,Madagascar,0,3,1,4,370.0,0.0,0.0,0.0,0.0,0.0,2.1895,0.899302636772851,5.333992395002528,0.10021152169804554
1968,Formation,MAD,Madagascar,0,4,2,6,386.0,0.0,0.0,0.0,0.0,0.0,2.2236,0.9023488708878078,5.333992395002528,0.09717998495939524
1972,Formation,MAD,Madagascar,0,11,2,10,439.0,0.0,0.0,0.0,0.0,0.0,-0.6226,0.3491903532154106,5.333992395002528,0.6476696404942972
1980,Formation,MAD,Madagascar,0,11,4,18,454.0,0.0,0.0,0.0,0.0,0.0,0.2587999999999999,0.5643412823767135,5.333992395002528,0.4335567648933041
1984,Formation,MAD,Madagascar,0,5,2,5,492.0,0.0,0.0,0.0,0.0,0.0,1.817,0.860205761297488,5.333992395002528,0.139119763775717
1992,Maturity,MAD,Madagascar,0,13,6,15,573.0,0.0,0.0,0.0,0.0,0.0,0.3269999999999995,0.5810292520929008,5.333992395002528,0.41694931077816844
1996,Maturity,MAD,Madagascar,0,11,4,10,604.0,0.0,0.0,0.0,0.0,0.0,0.2587999999999999,0.5643412823767135,5.333992395002528,0.4335567648933041
2000,Maturity,MAD,Madagascar,0,11,4,10,667.0,0.0,0.0,0.0,0.0,0.0,0.2587999999999999,0.5643412823767135,5.333992395002528,0.4335567648933041
2004,Maturity,MAD,Madagascar,0,8,5,8,669.0,0.0,0.0,0.0,0.0,0.0,1.9192999999999998,0.8720603542543337,5.333992395002528,0.12732236649296322
2008,Maturity,MAD,Madagascar,0,6,4,6,673.0,0.0,0.0,0.0,0.0,0.0,2.2918,0.90819563775754,5.333992395002528,0.09136142738993933
2012,Maturity,MAD,Madagascar,0,7,5,7,670.0,0.0,0.0,0.0,0.0,0.0,2.3259,0.9109994707531521,5.333992395002528,0.08857112224119706
2016,Maturity,MAD,Madagascar,0,6,4,6,682.0,0.0,0.0,0.0,0.0,0.0,2.2918,0.90819563775754,5.333992395002528,0.09136142738993933
2020,Maturity,MAD,Madagascar,0,6,4,6,761.0,0.0,0.0,0.0,0.0,0.0,2.2918,0.90819563775754,5.333992395002528,0.09136142738993933
2024,Maturity,MAD,Madagascar,0,7,5,7,738.0,0.0,0.0,0.0,0.0,0.0,2.3259,0.9109994707531521,5.333992395002528,0.08857112224119706
1972,Formation,MAW,Malawi,0,16,3,17,439.0,0.0,0.0,0.0,0.0,0.0,-2.2149000000000005,0.09842042097521757,5.333992395002528,0.8972296657078495
1984,Formation,MAW,Malawi,0,15,3,16,492.0,0.0,0.0,0.0,0.0,0.0,-1.8083000000000005,0.1408437116538336,5.333992395002528,0.8550110576122957
1988,Formation,MAW,Malawi,0,16,3,16,528.0,0.0,0.0,0.0,0.0,0.0,-2.2149000000000005,0.09842042097521757,5.333992395002528,0.8972296657078495
1992,Maturity,MAW,Malawi,0,4,1,4,573.0,0.0,0.0,0.0,0.0,0.0,1.7828999999999997,0.8560545879058464,5.333992395002528,0.14325090871414461
1996,Maturity,MAW,Malawi,0,2,1,2,604.0,0.0,0.0,0.0,0.0,0.0,2.5961,0.9306101601331909,5.333992395002528,0.06905504990980614
2000,Maturity,MAW,Malawi,0,2,1,2,667.0,0.0,0.0,0.0,0.0,0.0,2.5961,0.9306101601331909,5.333992395002528,0.06905504990980614
2004,Maturity,MAW,Malawi,0,4,2,4,669.0,0.0,0.0,0.0,0.0,0.0,2.2236,0.9023488708878078,5.333992395002528,0.09717998495939524
2008,Maturity,MAW,Malawi,0,4,2,4,673.0,0.0,0.0,0.0,0.0,0.0,2.2236,0.9023488708878078,5.333992395002528,0.09717998495939524
2012,Maturity,MAW,Malawi,0,3,2,3,670.0,0.0,0.0,0.0,0.0,0.0,2.6302,0.9327800907762442,5.333992395002528,0.06689558868112354
2016,Maturity,MAW,Malawi,0,5,3,5,682.0,0.0,0.0,0.0,0.0,0.0,2.2577,0.9053126549625738,5.333992395002528,0.09423050045852735
2020,Maturity,MAW,Malawi,0,5,4,5,761.0,0.0,0.0,0.0,0.0,0.0,2.6984,0.9369321655598715,5.333992395002528,0.06276354669971854
2024,Maturity,MAW,Malawi,0,3,2,3,738.0,0.0,0.0,0.0,0.0,0.0,2.6302,0.9327800907762442,5.333992395002528,0.06689558868112354
1988,Formation,MDV,Maldives,0,7,1,5,528.0,0.0,0.0,0.0,0.0,0.0,0.5630999999999998,0.637169516607518,5.333992395002528,0.36107991007847084
1992,Maturity,MDV,Maldives,0,7,2,8,573.0,0.0,0.0,0.0,0.0,0.0,1.0037999999999998,0.7318050476613928,5.333992395002528,0.26690097361298676
1996,Maturity,MDV,Maldives,0,6,2,6,604.0,0.0,0.0,0.0,0.0,0.0,1.4103999999999999,0.8038290264690082,5.333992395002528,0.1952244938746078
2000,Maturity,MDV,Maldives,0,4,2,4,667.0,0.0,0.0,0.0,0.0,0.0,2.2236,0.9023488708878078,5.333992395002528,0.09717998495939524
2004,Maturity,MDV,Maldives,0,4,2,4,669.0,0.0,0.0,0.0,0.0,0.0,2.2236,0.9023488708878078,5.333992395002528,0.09717998495939524
2008,Maturity,MDV,Maldives,0,4,2,4,673.0,0.0,0.0,0.0,0.0,0.0,2.2236,0.9023488708878078,5.333992395002528,0.09717998495939524
2012,Maturity,MDV,Maldives,0,5,3,5,670.0,0.0,0.0,0.0,0.0,0.0,2.2577,0.9053126549625738,5.333992395002528,0.09423050045852735
2016,Maturity,MDV,Maldives,0,4,2,4,682.0,0.0,0.0,0.0,0.0,0.0,2.2236,0.9023488708878078,5.333992395002528,0.09717998495939524
2020,Maturity,MDV,Maldives,0,4,3,4,761.0,0.0,0.0,0.0,0.0,0.0,2.6643,0.9348869120799613,5.333992395002528,0.06479893230378528
2024,Maturity,MDV,Maldives,0,5,4,4,738.0,0.0,0.0,0.0,0.0,0.0,2.6984,0.9369321655598715,5.333992395002528,0.06276354669971854
1964,Formation,MLI,Mali,0,2,1,2,370.0,0.0,0.0,0.0,0.0,0.0,2.5961,0.9306101601331909,5.333992395002528,0.06905504990980614
1968,Formation,MLI,Mali,0,2,2,2,386.0,0.0,0.0,0.0,0.0,0.0,3.0367999999999995,0.9542092114897665,5.333992395002528,0.04556985852760353
1972,Formation,MLI,Mali,0,3,2,3,439.0,0.0,0.0,0.0,0.0,0.0,2.6302,0.9327800907762442,5.333992395002528,0.06689558868112354
1980,Formation,MLI,Mali,0,7,3,7,454.0,0.0,0.0,0.0,0.0,0.0,1.4444999999999997,0.8091505351217405,5.333992395002528,0.18992866027252356
1984,Formation,MLI,Mali,0,4,3,5,492.0,0.0,0.0,0.0,0.0,0.0,2.6643,0.9348869120799613,5.333992395002528,0.06479893230378528
1988,Formation,MLI,Mali,0,6,3,8,528.0,0.0,0.0,0.0,0.0,0.0,1.8510999999999997,0.8642562038660018,5.333992395002528,0.13508886365745187
1992,Maturity,MLI,Mali,0,5,2,6,573.0,0.0,0.0,0.0,0.0,0.0,1.817,0.860205761297488,5.333992395002528,0.139119763775717
1996,Maturity,MLI,Mali,0,3,1,4,604.0,0.0,0.0,0.0,0.0,0.0,2.1895,0.899302636772851,5.333992395002528,0.10021152169804554
2000,Maturity,MLI,Mali,0,5,3,5,667.0,0.0,0.0,0.0,0.0,0.0,2.2577,0.9053126549625738,5.333992395002528,0.09423050045852735
2004,Maturity,MLI,Mali,0,21,4,6,669.0,0.0,0.0,0.0,0.0,0.0,-3.8072000000000004,0.021727702389721174,5.333992395002528,0.9735523596325746
2008,Maturity,MLI,Mali,0,17,4,6,673.0,0.0,0.0,0.0,0.0,0.0,-2.1808000000000005,0.10148795411735502,5.333992395002528,0.8941769327049072
2012,Maturity,MLI,Mali,0,6,4,6,670.0,0.0,0.0,0.0,0.0,0.0,2.2918,0.90819563775754,5.333992395002528,0.09136142738993933
2016,Maturity,MLI,Mali,0,6,4,6,682.0,0.0,0.0,0.0,0.0,0.0,2.2918,0.90819563775754,5.333992395002528,0.09136142738993933
2020,Maturity,MLI,Mali,0,4,3,4,761.0,0.0,0.0,0.0,0.0,0.0,2.6643,0.9348869120799613,5.333992395002528,0.06479893230378528
2024,Maturity,MLI,Mali,0,24,5,6,738.0,0.0,0.0,0.0,0.0,0.0,-4.5863,0.010087694941410498,5.333992395002528,0.9851362067323297
1928,Early,MLT,Malta,0,9,1,1,252.0,0.0,0.0,0.0,0.0,0.0,-0.2501000000000003,0.43779888585898513,5.333992395002528,0.5594886235632648
1936,Early,MLT,Malta,0,11,2,2,302.0,0.0,0.0,0.0,0.0,0.0,-0.6226,0.3491903532154106,5.333992395002528,0.6476696404942972
1948,Formation,MLT,Malta,0,1,1,1,312.0,0.0,0.0,0.0,0.0,0.0,3.0027,0.9526959548619061,5.333992395002528,0.04707581404160707
1960,Formation,MLT,Malta,0,10,4,6,340.0,0.0,0.0,0.0,0.0,0.0,0.6654,0.6604723782824262,5.333992395002528,0.3378894793311042
1968,Formation,MLT,Malta,0,1,1,1,386.0,0.0,0.0,0.0,0.0,0.0,3.0027,0.9526959548619061,5.333992395002528,0.04707581404160707
1972,Formation,MLT,Malta,0,5,2,2,439.0,0.0,0.0,0.0,0.0,0.0,1.817,0.860205761297488,5.333992395002528,0.139119763775717
1980,Formation,MLT,Malta,0,8,3,5,454.0,0.0,0.0,0.0,0.0,0.0,1.0378999999999996,0.7384446064742182,5.333992395002528,0.2602934491385275
1984,Formation,MLT,Malta,0,7,5,6,492.0,0.0,0.0,0.0,0.0,0.0,2.3259,0.9109994707531521,5.333992395002528,0.08857112224119706
1988,Formation,MLT,Malta,0,6,4,6,528.0,0.0,0.0,0.0,0.0,0.0,2.2918,0.90819563775754,5.333992395002528,0.09136142738993933
1992,Maturity,MLT,Malta,0,6,4,8,573.0,0.0,0.0,0.0,0.0,0.0,2.2918,0.90819563775754,5.333992395002528,0.09136142738993933
1996,Maturity,MLT,Malta,0,7,5,10,604.0,0.0,0.0,0.0,0.0,0.0,2.3259,0.9109994707531521,5.333992395002528,0.08857112224119706
2000,Maturity,MLT,Malta,0,7,5,7,667.0,0.0,0.0,0.0,0.0,0.0,2.3259,0.9109994707531521,5.333992395002528,0.08857112224119706
2004,Maturity,MLT,Malta,0,7,5,7,669.0,0.0,0.0,0.0,0.0,0.0,2.3259,0.9109994707531521,5.333992395002528,0.08857112224119706
2008,Maturity,MLT,Malta,0,6,4,6,673.0,0.0,0.0,0.0,0.0,0.0,2.2918,0.90819563775754,5.333992395002528,0.09136142738993933
2012,Maturity,MLT,Malta,0,5,3,5,670.0,0.0,0.0,0.0,0.0,0.0,2.2577,0.9053126549625738,5.333992395002528,0.09423050045852735
2016,Maturity,MLT,Malta,0,7,4,8,682.0,0.0,0.0,0.0,0.0,0.0,1.8851999999999998,0.8682072682536348,5.333992395002528,0.1311568622432886
2020,Maturity,MLT,Malta,0,6,5,8,761.0,0.0,0.0,0.0,0.0,0.0,2.7325,0.9389173734549439,5.333992395002528,0.06078791697440571
2024,Maturity,MLT,Malta,0,5,4,5,738.0,0.0,0.0,0.0,0.0,0.0,2.6984,0.9369321655598715,5.333992395002528,0.06276354669971854
2008,Maturity,MHL,Marshall Islands,0,5,3,5,673.0,0.0,0.0,0.0,0.0,0.0,2.2577,0.9053126549625738,5.333992395002528,0.09423050045852735
2012,Maturity,MHL,Marshall Islands,0,4,2,4,670.0,0.0,0.0,0.0,0.0,0.0,2.2236,0.9023488708878078,5.333992395002528,0.09717998495939524
2016,Maturity,MHL,Marshall Islands,0,5,3,5,682.0,0.0,0.0,0.0,0.0,0.0,2.2577,0.9053126549625738,5.333992395002528,0.09423050045852735
2020,Maturity,MHL,Marshall Islands,0,2,1,2,761.0,0.0,0.0,0.0,0.0,0.0,2.5961,0.9306101601331909,5.333992395002528,0.06905504990980614
2024,Maturity,MHL,Marshall Islands,0,4,3,4,738.0,0.0,0.0,0.0,0.0,0.0,2.6643,0.9348869120799613,5.333992395002528,0.06479893230378528
1984,Formation,MTN,Mauritania,0,2,1,2,492.0,0.0,0.0,0.0,0.0,0.0,2.5961,0.9306101601331909,5.333992395002528,0.06905504990980614
1988,Formation,MTN,Mauritania,0,6,2,7,528.0,0.0,0.0,0.0,0.0,0.0,1.4103999999999999,0.8038290264690082,5.333992395002528,0.1952244938746078
1992,Maturity,MTN,Mauritania,0,6,1,6,573.0,0.0,0.0,0.0,0.0,0.0,0.9696999999999999,0.7250596973880862,5.333992395002528,0.27361377912855495
1996,Maturity,MTN,Mauritania,0,4,1,4,604.0,0.0,0.0,0.0,0.0,0.0,1.7828999999999997,0.8560545879058464,5.333992395002528,0.14325090871414461
2000,Maturity,MTN,Mauritania,0,2,1,2,667.0,0.0,0.0,0.0,0.0,0.0,2.5961,0.9306101601331909,5.333992395002528,0.06905504990980614
2004,Maturity,MTN,Mauritania,0,2,1,2,669.0,0.0,0.0,0.0,0.0,0.0,2.5961,0.9306101601331909,5.333992395002528,0.06905504990980614
2008,Maturity,MTN,Mauritania,0,2,1,2,673.0,0.0,0.0,0.0,0.0,0.0,2.5961,0.9306101601331909,5.333992395002528,0.06905504990980614
2012,Maturity,MTN,Mauritania,0,2,1,2,670.0,0.0,0.0,0.0,0.0,0.0,2.5961,0.9306101601331909,5.333992395002528,0.06905504990980614
2016,Maturity,MTN,Mauritania,0,2,1,2,682.0,0.0,0.0,0.0,0.0,0.0,2.5961,0.9306101601331909,5.333992395002528,0.06905504990980614
2020,Maturity,MTN,Mauritania,0,2,1,2,761.0,0.0,0.0,0.0,0.0,0.0,2.5961,0.9306101601331909,5.333992395002528,0.06905504990980614
2024,Maturity,MTN,Mauritania,0,2,2,2,738.0,0.0,0.0,0.0,0.0,0.0,3.0367999999999995,0.9542092114897665,5.333992395002528,0.04556985852760353
1920,Early,MON,Monaco,0,4,2,6,363.0,0.0,0.0,0.0,0.0,0.0,2.2236,0.9023488708878078,5.333992395002528,0.09717998495939524
1924,Early,MON,Monaco,0,7,4,6,292.0,0.0,0.0,0.0,0.0,0.0,1.8851999999999998,0.8682072682536348,5.333992395002528,0.1311568622432886
1928,Early,MON,Monaco,0,10,4,8,252.0,0.0,0.0,0.0,0.0,0.0,0.6654,0.6604723782824262,5.333992395002528,0.3378894793311042
1932,Early,MON,Monaco,0,1,1,1,268.0,0.0,0.0,0.0,0.0,0.0,3.0027,0.9526959548619061,5.333992395002528,0.04707581404160707
1936,Early,MON,Monaco,0,8,2,5,302.0,0.0,0.0,0.0,0.0,0.0,0.5971999999999997,0.6450154494056656,5.333992395002528,0.3532718320946474
1948,Formation,MON,Monaco,0,4,1,2,312.0,0.0,0.0,0.0,0.0,0.0,1.7828999999999997,0.8560545879058464,5.333992395002528,0.14325090871414461
1952,Formation,MON,Monaco,0,8,2,6,338.0,0.0,0.0,0.0,0.0,0.0,0.5971999999999997,0.6450154494056656,5.333992395002528,0.3532718320946474
1960,Formation,MON,Monaco,0,11,3,6,340.0,0.0,0.0,0.0,0.0,0.0,-0.18190000000000017,0.45464997476006597,5.333992395002528,0.5427188372756426
1964,Formation,MON,Monaco,0,1,1,1,370.0,0.0,0.0,0.0,0.0,0.0,3.0027,0.9526959548619061,5.333992395002528,0.04707581404160707
1968,Formation,MON,Monaco,0,2,1,1,386.0,0.0,0.0,0.0,0.0,0.0,2.5961,0.9306101601331909,5.333992395002528,0.06905504990980614
1972,Formation,MON,Monaco,0,5,2,4,439.0,0.0,0.0,0.0,0.0,0.0,1.817,0.860205761297488,5.333992395002528,0.139119763775717
1976,Formation,MON,Monaco,0,8,3,6,444.0,0.0,0.0,0.0,0.0,0.0,1.0378999999999996,0.7384446064742182,5.333992395002528,0.2602934491385275
1984,Formation,MON,Monaco,0,8,5,7,492.0,0.0,0.0,0.0,0.0,0.0,1.9192999999999998,0.8720603542543337,5.333992395002528,0.12732236649296322
1988,Formation,MON,Monaco,0,9,7,9,528.0,0.0,0.0,0.0,0.0,0.0,2.3940999999999995,0.916376291153833,5.333992395002528,0.08322024375757799
1992,Maturity,MON,Monaco,0,2,2,4,573.0,0.0,0.0,0.0,0.0,0.0,3.0367999999999995,0.9542092114897665,5.333992395002528,0.04556985852760353
1996,Maturity,MON,Monaco,0,3,3,4,604.0,0.0,0.0,0.0,0.0,0.0,3.0709,0.9556763112387718,5.333992395002528,0.04410983719617096
2000,Maturity,MON,Monaco,0,4,4,4,667.0,0.0,0.0,0.0,0.0,0.0,3.1049999999999995,0.9570985196432062,5.333992395002528,0.04269449061893609
2004,Maturity,MON,Monaco,0,3,3,3,669.0,0.0,0.0,0.0,0.0,0.0,3.0709,0.9556763112387718,5.333992395002528,0.04410983719617096
2008,Maturity,MON,Monaco,0,5,5,5,673.0,0.0,0.0,0.0,0.0,0.0,3.1391,0.9584770765813265,5.333992395002528,0.04132258489976841
2012,Maturity,MON,Monaco,0,6,6,6,670.0,0.0,0.0,0.0,0.0,0.0,3.1731999999999996,0.9598131961929572,5.333992395002528,0.03999291175678767
2016,Maturity,MON,Monaco,0,3,3,8,682.0,0.0,0.0,0.0,0.0,0.0,3.0709,0.9556763112387718,5.333992395002528,0.04410983719617096
2020,Maturity,MON,Monaco,0,6,5,6,761.0,0.0,0.0,0.0,0.0,0.0,2.7325,0.9389173734549439,5.333992395002528,0.06078791697440571
2024,Maturity,MON,Monaco,0,6,6,6,738.0,0.0,0.0,0.0,0.0,0.0,3.1731999999999996,0.9598131961929572,5.333992395002528,0.03999291175678767
1948,Formation,MYA,Myanmar,0,4,3,5,312.0,0.0,0.0,0.0,0.0,0.0,2.6643,0.9348869120799613,5.333992395002528,0.06479893230378528
1952,Formation,MYA,Myanmar,0,5,2,5,338.0,0.0,0.0,0.0,0.0,0.0,1.817,0.860205761297488,5.333992395002528,0.139119763775717
1956,Formation,MYA,Myanmar,0,11,4,11,342.0,0.0,0.0,0.0,0.0,0.0,0.2587999999999999,0.5643412823767135,5.333992395002528,0.4335567648933041
1960,Formation,MYA,Myanmar,0,10,5,9,340.0,0.0,0.0,0.0,0.0,0.0,1.1061,0.751401316164842,5.333992395002528,0.24739925258078527
1964,Formation,MYA,Myanmar,0,11,5,11,370.0,0.0,0.0,0.0,0.0,0.0,0.6995,0.668076906410697,5.333992395002528,0.3303216412953597
1968,Formation,MYA,Myanmar,0,4,2,3,386.0,0.0,0.0,0.0,0.0,0.0,2.2236,0.9023488708878078,5.333992395002528,0.09717998495939524
1972,Formation,MYA,Myanmar,0,17,4,7,439.0,0.0,0.0,0.0,0.0,0.0,-2.1808000000000005,0.10148795411735502,5.333992395002528,0.8941769327049072
1980,Formation,MYA,Myanmar,0,2,2,2,454.0,0.0,0.0,0.0,0.0,0.0,3.0367999999999995,0.9542092114897665,5.333992395002528,0.04556985852760353
1984,Formation,MYA,Myanmar,0,1,1,1,492.0,0.0,0.0,0.0,0.0,0.0,3.0027,0.9526959548619061,5.333992395002528,0.04707581404160707
1988,Formation,MYA,Myanmar,0,2,1,3,528.0,0.0,0.0,0.0,0.0,0.0,2.5961,0.9306101601331909,5.333992395002528,0.06905504990980614
1992,Maturity,MYA,Myanmar,0,4,2,5,573.0,0.0,0.0,0.0,0.0,0.0,2.2236,0.9023488708878078,5.333992395002528,0.09717998495939524
1996,Maturity,MYA,Myanmar,0,3,2,3,604.0,0.0,0.0,0.0,0.0,0.0,2.6302,0.9327800907762442,5.333992395002528,0.06689558868112354
2000,Maturity,MYA,Myanmar,0,6,4,7,667.0,0.0,0.0,0.0,0.0,0.0,2.2918,0.90819563775754,5.333992395002528,0.09136142738993933
2004,Maturity,MYA,Myanmar,0,2,2,2,669.0,0.0,0.0,0.0,0.0,0.0,3.0367999999999995,0.9542092114897665,5.333992395002528,0.04556985852760353
2008,Maturity,MYA,Myanmar,0,6,5,7,673.0,0.0,0.0,0.0,0.0,0.0,2.7325,0.9389173734549439,5.333992395002528,0.06078791697440571
2012,Maturity,MYA,Myanmar,0,6,5,6,670.0,0.0,0.0,0.0,0.0,0.0,2.7325,0.9389173734549439,5.333992395002528,0.06078791697440571
2016,Maturity,MYA,Myanmar,0,7,5,8,682.0,0.0,0.0,0.0,0.0,0.0,2.3259,0.9109994707531521,5.333992395002528,0.08857112224119706
2020,Maturity,MYA,Myanmar,0,2,2,2,761.0,0.0,0.0,0.0,0.0,0.0,3.0367999999999995,0.9542092114897665,5.333992395002528,0.04556985852760353
2024,Maturity,MYA,Myanmar,0,2,2,2,738.0,0.0,0.0,0.0,0.0,0.0,3.0367999999999995,0.9542092114897665,5.333992395002528,0.04556985852760353
1996,Maturity,NRU,Nauru,0,3,1,3,604.0,0.0,0.0,0.0,0.0,0.0,2.1895,0.899302636772851,5.333992395002528,0.10021152169804554
2000,Maturity,NRU,Nauru,0,2,1,2,667.0,0.0,0.0,0.0,0.0,0.0,2.5961,0.9306101601331909,5.333992395002528,0.06905504990980614
2004,Maturity,NRU,Nauru,0,3,1,3,669.0,0.0,0.0,0.0,0.0,0.0,2.1895,0.899302636772851,5.333992395002528,0.10021152169804554
2008,Maturity,NRU,Nauru,0,1,1,1,673.0,0.0,0.0,0.0,0.0,0.0,3.0027,0.9526959548619061,5.333992395002528,0.04707581404160707
2012,Maturity,NRU,Nauru,0,2,2,2,670.0,0.0,0.0,0.0,0.0,0.0,3.0367999999999995,0.9542092114897665,5.333992395002528,0.04556985852760353
2016,Maturity,NRU,Nauru,0,2,2,2,682.0,0.0,0.0,0.0,0.0,0.0,3.0367999999999995,0.9542092114897665,5.333992395002528,0.04556985852760353
2020,Maturity,NRU,Nauru,0,2,2,2,761.0,0.0,0.0,0.0,0.0,0.0,3.0367999999999995,0.9542092114897665,5.333992395002528,0.04556985852760353
2024,Maturity,NRU,Nauru,0,1,1,1,738.0,0.0,0.0,0.0,0.0,0.0,3.0027,0.9526959548619061,5.333992395002528,0.04707581404160707
1964,Formation,NEP,Nepal,0,6,2,5,370.0,0.0,0.0,0.0,0.0,0.0,1.4103999999999999,0.8038290264690082,5.333992395002528,0.1952244938746078
1972,Formation,NEP,Nepal,0,2,1,1,439.0,0.0,0.0,0.0,0.0,0.0,2.5961,0.9306101601331909,5.333992395002528,0.06905504990980614
1976,Formation,NEP,Nepal,0,1,1,1,444.0,0.0,0.0,0.0,0.0,0.0,3.0027,0.9526959548619061,5.333992395002528,0.04707581404160707
1980,Formation,NEP,Nepal,0,10,3,9,454.0,0.0,0.0,0.0,0.0,0.0,0.2246999999999999,0.5559398305674393,5.333992395002528,0.4419176816372807
1984,Formation,NEP,Nepal,0,10,3,8,492.0,0.0,0.0,0.0,0.0,0.0,0.2246999999999999,0.5559398305674393,5.333992395002528,0.4419176816372807
1988,Formation,NEP,Nepal,0,16,5,17,528.0,0.0,0.0,0.0,0.0,0.0,-1.3335000000000004,0.20858101349404906,5.333992395002528,0.787600572614634
1992,Maturity,NEP,Nepal,0,2,2,2,573.0,0.0,0.0,0.0,0.0,0.0,3.0367999999999995,0.9542092114897665,5.333992395002528,0.04556985852760353
1996,Maturity,NEP,Nepal,0,6,4,6,604.0,0.0,0.0,0.0,0.0,0.0,2.2918,0.90819563775754,5.333992395002528,0.09136142738993933
2000,Maturity,NEP,Nepal,0,5,3,5,667.0,0.0,0.0,0.0,0.0,0.0,2.2577,0.9053126549625738,5.333992395002528,0.09423050045852735
2004,Maturity,NEP,Nepal,0,6,4,6,669.0,0.0,0.0,0.0,0.0,0.0,2.2918,0.90819563775754,5.333992395002528,0.09136142738993933
2008,Maturity,NEP,Nepal,0,8,6,8,673.0,0.0,0.0,0.0,0.0,0.0,2.3599999999999994,0.9137258055040833,5.333992395002528,0.08585794142599754
2012,Maturity,NEP,Nepal,0,5,3,5,670.0,0.0,0.0,0.0,0.0,0.0,2.2577,0.9053126549625738,5.333992395002528,0.09423050045852735
2016,Maturity,NEP,Nepal,0,7,5,7,682.0,0.0,0.0,0.0,0.0,0.0,2.3259,0.9109994707531521,5.333992395002528,0.08857112224119706
2020,Maturity,NEP,Nepal,0,5,4,5,761.0,0.0,0.0,0.0,0.0,0.0,2.6984,0.9369321655598715,5.333992395002528,0.06276354669971854
2024,Maturity,NEP,Nepal,0,7,6,6,738.0,0.0,0.0,0.0,0.0,0.0,2.7665999999999995,0.9408440377098902,5.333992395002528,0.05887054842967154
1968,Formation,NCA,Nicaragua,0,11,3,15,386.0,0.0,0.0,0.0,0.0,0.0,-0.18190000000000017,0.45464997476006597,5.333992395002528,0.5427188372756426
1972,Formation,NCA,Nicaragua,0,8,3,10,439.0,0.0,0.0,0.0,0.0,0.0,1.0378999999999996,0.7384446064742182,5.333992395002528,0.2602934491385275
1976,Formation,NCA,Nicaragua,0,15,6,19,444.0,0.0,0.0,0.0,0.0,0.0,-0.48620000000000063,0.3807891582213859,5.333992395002528,0.6162232924271129
1980,Formation,NCA,Nicaragua,0,5,3,6,454.0,0.0,0.0,0.0,0.0,0.0,2.2577,0.9053126549625738,5.333992395002528,0.09423050045852735
1984,Formation,NCA,Nicaragua,0,5,2,5,492.0,0.0,0.0,0.0,0.0,0.0,1.817,0.860205761297488,5.333992395002528,0.139119763775717
1992,Maturity,NCA,Nicaragua,0,8,6,9,573.0,0.0,0.0,0.0,0.0,0.0,2.3599999999999994,0.9137258055040833,5.333992395002528,0.08585794142599754
1996,Maturity,NCA,Nicaragua,0,25,5,9,604.0,0.0,0.0,0.0,0.0,0.0,-4.992900000000001,0.006740217829340701,5.333992395002528,0.9884675330401813
2000,Maturity,NCA,Nicaragua,0,6,5,6,667.0,0.0,0.0,0.0,0.0,0.0,2.7325,0.9389173734549439,5.333992395002528,0.06078791697440571
2004,Maturity,NCA,Nicaragua,0,5,3,6,669.0,0.0,0.0,0.0,0.0,0.0,2.2577,0.9053126549625738,5.333992395002528,0.09423050045852735
2008,Maturity,NCA,Nicaragua,0,6,4,7,673.0,0.0,0.0,0.0,0.0,0.0,2.2918,0.90819563775754,5.333992395002528,0.09136142738993933
2012,Maturity,NCA,Nicaragua,0,6,4,6,670.0,0.0,0.0,0.0,0.0,0.0,2.2918,0.90819563775754,5.333992395002528,0.09136142738993933
2016,Maturity,NCA,Nicaragua,0,5,4,5,682.0,0.0,0.0,0.0,0.0,0.0,2.6984,0.9369321655598715,5.333992395002528,0.06276354669971854
2020,Maturity,NCA,Nicaragua,0,8,6,8,761.0,0.0,0.0,0.0,0.0,0.0,2.3599999999999994,0.9137258055040833,5.333992395002528,0.08585794142599754
2024,Maturity,NCA,Nicaragua,0,7,6,7,738.0,0.0,0.0,0.0,0.0,0.0,2.7665999999999995,0.9408440377098902,5.333992395002528,0.05887054842967154
1984,Formation,OMA,Oman,0,15,3,14,492.0,0.0,0.0,0.0,0.0,0.0,-1.8083000000000005,0.1408437116538336,5.333992395002528,0.8550110576122957
1988,Formation,OMA,Oman,0,8,3,9,528.0,0.0,0.0,0.0,0.0,0.0,1.0378999999999996,0.7384446064742182,5.333992395002528,0.2602934491385275
1992,Maturity,OMA,Oman,0,5,2,5,573.0,0.0,0.0,0.0,0.0,0.0,1.817,0.860205761297488,5.333992395002528,0.139119763775717
1996,Maturity,OMA,Oman,0,4,4,5,604.0,0.0,0.0,0.0,0.0,0.0,3.1049999999999995,0.9570985196432062,5.333992395002528,0.04269449061893609
2000,Maturity,OMA,Oman,0,6,3,5,667.0,0.0,0.0,0.0,0.0,0.0,1.8510999999999997,0.8642562038660018,5.333992395002528,0.13508886365745187
2004,Maturity,OMA,Oman,0,2,2,2,669.0,0.0,0.0,0.0,0.0,0.0,3.0367999999999995,0.9542092114897665,5.333992395002528,0.04556985852760353
2008,Maturity,OMA,Oman,0,4,3,4,673.0,0.0,0.0,0.0,0.0,0.0,2.6643,0.9348869120799613,5.333992395002528,0.06479893230378528
2012,Maturity,OMA,Oman,0,3,2,3,670.0,0.0,0.0,0.0,0.0,0.0,2.6302,0.9327800907762442,5.333992395002528,0.06689558868112354
2016,Maturity,OMA,Oman,0,4,2,4,682.0,0.0,0.0,0.0,0.0,0.0,2.2236,0.9023488708878078,5.333992395002528,0.09717998495939524
2020,Maturity,OMA,Oman,0,4,4,5,761.0,0.0,0.0,0.0,0.0,0.0,3.1049999999999995,0.9570985196432062,5.333992395002528,0.04269449061893609
2024,Maturity,OMA,Oman,0,4,3,4,738.0,0.0,0.0,0.0,0.0,0.0,2.6643,0.9348869120799613,5.333992395002528,0.06479893230378528
2000,Maturity,PLW,Palau,0,5,3,5,667.0,0.0,0.0,0.0,0.0,0.0,2.2577,0.9053126549625738,5.333992395002528,0.09423050045852735
2004,Maturity,PLW,Palau,0,4,3,4,669.0,0.0,0.0,0.0,0.0,0.0,2.6643,0.9348869120799613,5.333992395002528,0.06479893230378528
2008,Maturity,PLW,Palau,0,5,3,5,673.0,0.0,0.0,0.0,0.0,0.0,2.2577,0.9053126549625738,5.333992395002528,0.09423050045852735
2012,Maturity,PLW,Palau,0,5,4,5,670.0,0.0,0.0,0.0,0.0,0.0,2.6984,0.9369321655598715,5.333992395002528,0.06276354669971854
2016,Maturity,PLW,Palau,0,5,4,6,682.0,0.0,0.0,0.0,0.0,0.0,2.6984,0.9369321655598715,5.333992395002528,0.06276354669971854
2020,Maturity,PLW,Palau,0,3,2,3,761.0,0.0,0.0,0.0,0.0,0.0,2.6302,0.9327800907762442,5.333992395002528,0.06689558868112354
2024,Maturity,PLW,Palau,0,3,2,3,738.0,0.0,0.0,0.0,0.0,0.0,2.6302,0.9327800907762442,5.333992395002528,0.06689558868112354
1996,Maturity,PLE,Palestine,0,1,1,1,604.0,0.0,0.0,0.0,0.0,0.0,3.0027,0.9526959548619061,5.333992395002528,0.04707581404160707
2000,Maturity,PLE,Palestine,0,2,2,2,667.0,0.0,0.0,0.0,0.0,0.0,3.0367999999999995,0.9542092114897665,5.333992395002528,0.04556985852760353
2004,Maturity,PLE,Palestine,0,3,2,3,669.0,0.0,0.0,0.0,0.0,0.0,2.6302,0.9327800907762442,5.333992395002528,0.06689558868112354
2008,Maturity,PLE,Palestine,0,4,2,4,673.0,0.0,0.0,0.0,0.0,0.0,2.2236,0.9023488708878078,5.333992395002528,0.09717998495939524
2012,Maturity,PLE,Palestine,0,5,3,5,670.0,0.0,0.0,0.0,0.0,0.0,2.2577,0.9053126549625738,5.333992395002528,0.09423050045852735
2016,Maturity,PLE,Palestine,0,6,4,6,682.0,0.0,0.0,0.0,0.0,0.0,2.2918,0.90819563775754,5.333992395002528,0.09136142738993933
2020,Maturity,PLE,Palestine,0,5,4,5,761.0,0.0,0.0,0.0,0.0,0.0,2.6984,0.9369321655598715,5.333992395002528,0.06276354669971854
2024,Maturity,PLE,Palestine,0,8,6,8,738.0,0.0,0.0,0.0,0.0,0.0,2.3599999999999994,0.9137258055040833,5.333992395002528,0.08585794142599754
1976,Formation,PNG,Papua New Guinea,0,6,3,8,444.0,0.0,0.0,0.0,0.0,0.0,1.8510999999999997,0.8642562038660018,5.333992395002528,0.13508886365745187
1984,Formation,PNG,Papua New Guinea,0,7,2,12,492.0,0.0,0.0,0.0,0.0,0.0,1.0037999999999998,0.7318050476613928,5.333992395002528,0.26690097361298676
1988,Formation,PNG,Papua New Guinea,0,11,4,15,528.0,0.0,0.0,0.0,0.0,0.0,0.2587999999999999,0.5643412823767135,5.333992395002528,0.4335567648933041
1992,Maturity,PNG,Papua New Guinea,0,13,4,16,573.0,0.0,0.0,0.0,0.0,0.0,-0.5544000000000002,0.3648441791411712,5.333992395002528,0.632091340664557
1996,Maturity,PNG,Papua New Guinea,0,11,3,11,604.0,0.0,0.0,0.0,0.0,0.0,-0.18190000000000017,0.45464997476006597,5.333992395002528,0.5427188372756426
2000,Maturity,PNG,Papua New Guinea,0,5,3,5,667.0,0.0,0.0,0.0,0.0,0.0,2.2577,0.9053126549625738,5.333992395002528,0.09423050045852735
2004,Maturity,PNG,Papua New Guinea,0,4,3,6,669.0,0.0,0.0,0.0,0.0,0.0,2.6643,0.9348869120799613,5.333992395002528,0.06479893230378528
2008,Maturity,PNG,Papua New Guinea,0,7,5,9,673.0,0.0,0.0,0.0,0.0,0.0,2.3259,0.9109994707531521,5.333992395002528,0.08857112224119706
2012,Maturity,PNG,Papua New Guinea,0,8,5,8,670.0,0.0,0.0,0.0,0.0,0.0,1.9192999999999998,0.8720603542543337,5.333992395002528,0.12732236649296322
2016,Maturity,PNG,Papua New Guinea,0,8,6,8,682.0,0.0,0.0,0.0,0.0,0.0,2.3599999999999994,0.9137258055040833,5.333992395002528,0.08585794142599754
2020,Maturity,PNG,Papua New Guinea,0,8,5,8,761.0,0.0,0.0,0.0,0.0,0.0,1.9192999999999998,0.8720603542543337,5.333992395002528,0.12732236649296322
2024,Maturity,PNG,Papua New Guinea,0,7,5,7,738.0,0.0,0.0,0.0,0.0,0.0,2.3259,0.9109994707531521,5.333992395002528,0.08857112224119706
1984,Formation,RWA,Rwanda,0,3,1,6,492.0,0.0,0.0,0.0,0.0,0.0,2.1895,0.899302636772851,5.333992395002528,0.10021152169804554
1988,Formation,RWA,Rwanda,0,6,1,7,528.0,0.0,0.0,0.0,0.0,0.0,0.9696999999999999,0.7250596973880862,5.333992395002528,0.27361377912855495
1992,Maturity,RWA,Rwanda,0,10,2,8,573.0,0.0,0.0,0.0,0.0,0.0,-0.21599999999999997,0.44620897705079826,5.333992395002528,0.5511191091197755
1996,Maturity,RWA,Rwanda,0,4,1,4,604.0,0.0,0.0,0.0,0.0,0.0,1.7828999999999997,0.8560545879058464,5.333992395002528,0.14325090871414461
2000,Maturity,RWA,Rwanda,0,5,2,5,667.0,0.0,0.0,0.0,0.0,0.0,1.817,0.860205761297488,5.333992395002528,0.139119763775717
2004,Maturity,RWA,Rwanda,0,5,2,5,669.0,0.0,0.0,0.0,0.0,0.0,1.817,0.860205761297488,5.333992395002528,0.139119763775717
2008,Maturity,RWA,Rwanda,0,4,2,4,673.0,0.0,0.0,0.0,0.0,0.0,2.2236,0.9023488708878078,5.333992395002528,0.09717998495939524
2012,Maturity,RWA,Rwanda,0,7,4,7,670.0,0.0,0.0,0.0,0.0,0.0,1.8851999999999998,0.8682072682536348,5.333992395002528,0.1311568622432886
2016,Maturity,RWA,Rwanda,0,7,3,7,682.0,0.0,0.0,0.0,0.0,0.0,1.4444999999999997,0.8091505351217405,5.333992395002528,0.18992866027252356
2020,Maturity,RWA,Rwanda,0,5,3,5,761.0,0.0,0.0,0.0,0.0,0.0,2.2577,0.9053126549625738,5.333992395002528,0.09423050045852735
2024,Maturity,RWA,Rwanda,0,7,4,8,738.0,0.0,0.0,0.0,0.0,0.0,1.8851999999999998,0.8682072682536348,5.333992395002528,0.1311568622432886
1996,Maturity,SKN,Saint Kitts and Nevis,0,10,1,5,604.0,0.0,0.0,0.0,0.0,0.0,-0.6567,0.3414812999013426,5.333992395002528,0.6553414994059498
2000,Maturity,SKN,Saint Kitts and Nevis,0,2,1,4,667.0,0.0,0.0,0.0,0.0,0.0,2.5961,0.9306101601331909,5.333992395002528,0.06905504990980614
2004,Maturity,SKN,Saint Kitts and Nevis,0,2,1,2,669.0,0.0,0.0,0.0,0.0,0.0,2.5961,0.9306101601331909,5.333992395002528,0.06905504990980614
2008,Maturity,SKN,Saint Kitts and Nevis,0,4,1,5,673.0,0.0,0.0,0.0,0.0,0.0,1.7828999999999997,0.8560545879058464,5.333992395002528,0.14325090871414461
2012,Maturity,SKN,Saint Kitts and Nevis,0,4,1,3,670.0,0.0,0.0,0.0,0.0,0.0,1.7828999999999997,0.8560545879058464,5.333992395002528,0.14325090871414461
2016,Maturity,SKN,Saint Kitts and Nevis,0,6,1,4,682.0,0.0,0.0,0.0,0.0,0.0,0.9696999999999999,0.7250596973880862,5.333992395002528,0.27361377912855495
2020,Maturity,SKN,Saint Kitts and Nevis,0,2,1,2,761.0,0.0,0.0,0.0,0.0,0.0,2.5961,0.9306101601331909,5.333992395002528,0.06905504990980614
2024,Maturity,SKN,Saint Kitts and Nevis,0,3,2,3,738.0,0.0,0.0,0.0,0.0,0.0,2.6302,0.9327800907762442,5.333992395002528,0.06689558868112354
1988,Formation,VIN,Saint Vincent and the Grenadines,0,6,1,6,528.0,0.0,0.0,0.0,0.0,0.0,0.9696999999999999,0.7250596973880862,5.333992395002528,0.27361377912855495
1992,Maturity,VIN,Saint Vincent and the Grenadines,0,6,1,5,573.0,0.0,0.0,0.0,0.0,0.0,0.9696999999999999,0.7250596973880862,5.333992395002528,0.27361377912855495
1996,Maturity,VIN,Saint Vincent and the Grenadines,0,8,1,6,604.0,0.0,0.0,0.0,0.0,0.0,0.15649999999999975,0.5390453401590825,5.333992395002528,0.4587306600299267
2000,Maturity,VIN,Saint Vincent and the Grenadines,0,4,2,4,667.0,0.0,0.0,0.0,0.0,0.0,2.2236,0.9023488708878078,5.333992395002528,0.09717998495939524
2004,Maturity,VIN,Saint Vincent and the Grenadines,0,3,2,3,669.0,0.0,0.0,0.0,0.0,0.0,2.6302,0.9327800907762442,5.333992395002528,0.06689558868112354
2008,Maturity,VIN,Saint Vincent and the Grenadines,0,2,1,2,673.0,0.0,0.0,0.0,0.0,0.0,2.5961,0.9306101601331909,5.333992395002528,0.06905504990980614
2012,Maturity,VIN,Saint Vincent and the Grenadines,0,3,2,3,670.0,0.0,0.0,0.0,0.0,0.0,2.6302,0.9327800907762442,5.333992395002528,0.06689558868112354
2016,Maturity,VIN,Saint Vincent and the Grenadines,0,4,2,4,682.0,0.0,0.0,0.0,0.0,0.0,2.2236,0.9023488708878078,5.333992395002528,0.09717998495939524
2020,Maturity,VIN,Saint Vincent and the Grenadines,0,3,2,3,761.0,0.0,0.0,0.0,0.0,0.0,2.6302,0.9327800907762442,5.333992395002528,0.06689558868112354
2024,Maturity,VIN,Saint Vincent and the Grenadines,0,4,2,4,738.0,0.0,0.0,0.0,0.0,0.0,2.2236,0.9023488708878078,5.333992395002528,0.09717998495939524
1996,Maturity,STP,Sao Tome and Principe,0,2,1,2,604.0,0.0,0.0,0.0,0.0,0.0,2.5961,0.9306101601331909,5.333992395002528,0.06905504990980614
2000,Maturity,STP,Sao Tome and Principe,0,2,1,2,667.0,0.0,0.0,0.0,0.0,0.0,2.5961,0.9306101601331909,5.333992395002528,0.06905504990980614
2004,Maturity,STP,Sao Tome and Principe,0,2,1,2,669.0,0.0,0.0,0.0,0.0,0.0,2.5961,0.9306101601331909,5.333992395002528,0.06905504990980614
2008,Maturity,STP,Sao Tome and Principe,0,3,2,4,673.0,0.0,0.0,0.0,0.0,0.0,2.6302,0.9327800907762442,5.333992395002528,0.06689558868112354
2012,Maturity,STP,Sao Tome and Principe,0,2,1,2,670.0,0.0,0.0,0.0,0.0,0.0,2.5961,0.9306101601331909,5.333992395002528,0.06905504990980614
2016,Maturity,STP,Sao Tome and Principe,0,3,2,3,682.0,0.0,0.0,0.0,0.0,0.0,2.6302,0.9327800907762442,5.333992395002528,0.06689558868112354
2020,Maturity,STP,Sao Tome and Principe,0,3,2,3,761.0,0.0,0.0,0.0,0.0,0.0,2.6302,0.9327800907762442,5.333992395002528,0.06689558868112354
2024,Maturity,STP,Sao Tome and Principe,0,3,3,3,738.0,0.0,0.0,0.0,0.0,0.0,3.0709,0.9556763112387718,5.333992395002528,0.04410983719617096
1980,Formation,SEY,Seychelles,0,11,2,15,454.0,0.0,0.0,0.0,0.0,0.0,-0.6226,0.3491903532154106,5.333992395002528,0.6476696404942972
1984,Formation,SEY,Seychelles,0,9,2,15,492.0,0.0,0.0,0.0,0.0,0.0,0.19059999999999966,0.5475062682684024,5.333992395002528,0.45031055394532044
1992,Maturity,SEY,Seychelles,0,11,4,18,573.0,0.0,0.0,0.0,0.0,0.0,0.2587999999999999,0.5643412823767135,5.333992395002528,0.4335567648933041
1996,Maturity,SEY,Seychelles,0,9,5,9,604.0,0.0,0.0,0.0,0.0,0.0,1.5126999999999997,0.8194610020502738,5.333992395002528,0.17966793896649505
2000,Maturity,SEY,Seychelles,0,9,5,9,667.0,0.0,0.0,0.0,0.0,0.0,1.5126999999999997,0.8194610020502738,5.333992395002528,0.17966793896649505
2004,Maturity,SEY,Seychelles,0,9,7,10,669.0,0.0,0.0,0.0,0.0,0.0,2.3940999999999995,0.916376291153833,5.333992395002528,0.08322024375757799
2008,Maturity,SEY,Seychelles,0,9,6,9,673.0,0.0,0.0,0.0,0.0,0.0,1.9533999999999994,0.8758169041942027,5.333992395002528,0.12358394103926201
2012,Maturity,SEY,Seychelles,0,6,4,6,670.0,0.0,0.0,0.0,0.0,0.0,2.2918,0.90819563775754,5.333992395002528,0.09136142738993933
2016,Maturity,SEY,Seychelles,0,10,6,10,682.0,0.0,0.0,0.0,0.0,0.0,1.5467999999999997,0.8244510717780579,5.333992395002528,0.174701945173067
2020,Maturity,SEY,Seychelles,0,5,4,6,761.0,0.0,0.0,0.0,0.0,0.0,2.6984,0.9369321655598715,5.333992395002528,0.06276354669971854
2024,Maturity,SEY,Seychelles,0,3,2,3,738.0,0.0,0.0,0.0,0.0,0.0,2.6302,0.9327800907762442,5.333992395002528,0.06689558868112354
1968,Formation,SLE,Sierra Leone,0,3,2,4,386.0,0.0,0.0,0.0,0.0,0.0,2.6302,0.9327800907762442,5.333992395002528,0.06689558868112354
1980,Formation,SLE,Sierra Leone,0,14,2,16,454.0,0.0,0.0,0.0,0.0,0.0,-1.8424000000000003,0.1367676959801592,5.333992395002528,0.8590674074513933
1984,Formation,SLE,Sierra Leone,0,7,2,6,492.0,0.0,0.0,0.0,0.0,0.0,1.0037999999999998,0.7318050476613928,5.333992395002528,0.26690097361298676
1988,Formation,SLE,Sierra Leone,0,12,4,14,528.0,0.0,0.0,0.0,0.0,0.0,-0.14780000000000015,0.46311711729033167,5.333992395002528,0.5342925467532369
1992,Maturity,SLE,Sierra Leone,0,11,1,12,573.0,0.0,0.0,0.0,0.0,0.0,-1.0633,0.25667932563873197,5.333992395002528,0.7397343237213687
1996,Maturity,SLE,Sierra Leone,0,14,3,10,604.0,0.0,0.0,0.0,0.0,0.0,-1.4017000000000004,0.19754648569075878,5.333992395002528,0.7985818613688661
2000,Maturity,SLE,Sierra Leone,0,3,2,3,667.0,0.0,0.0,0.0,0.0,0.0,2.6302,0.9327800907762442,5.333992395002528,0.06689558868112354
2004,Maturity,SLE,Sierra Leone,0,2,1,2,669.0,0.0,0.0,0.0,0.0,0.0,2.5961,0.9306101601331909,5.333992395002528,0.06905504990980614
2008,Maturity,SLE,Sierra Leone,0,3,2,3,673.0,0.0,0.0,0.0,0.0,0.0,2.6302,0.9327800907762442,5.333992395002528,0.06689558868112354
2012,Maturity,SLE,Sierra Leone,0,2,1,2,670.0,0.0,0.0,0.0,0.0,0.0,2.5961,0.9306101601331909,5.333992395002528,0.06905504990980614
2016,Maturity,SLE,Sierra Leone,0,4,2,4,682.0,0.0,0.0,0.0,0.0,0.0,2.2236,0.9023488708878078,5.333992395002528,0.09717998495939524
2020,Maturity,SLE,Sierra Leone,0,4,3,4,761.0,0.0,0.0,0.0,0.0,0.0,2.6643,0.9348869120799613,5.333992395002528,0.06479893230378528
2024,Maturity,SLE,Sierra Leone,0,4,3,4,738.0,0.0,0.0,0.0,0.0,0.0,2.6643,0.9348869120799613,5.333992395002528,0.06479893230378528
1984,Formation,SOL,Solomon Islands,0,3,2,3,492.0,0.0,0.0,0.0,0.0,0.0,2.6302,0.9327800907762442,5.333992395002528,0.06689558868112354
1988,Formation,SOL,Solomon Islands,0,4,4,5,528.0,0.0,0.0,0.0,0.0,0.0,3.1049999999999995,0.9570985196432062,5.333992395002528,0.04269449061893609
1992,Maturity,SOL,Solomon Islands,0,1,1,1,573.0,0.0,0.0,0.0,0.0,0.0,3.0027,0.9526959548619061,5.333992395002528,0.04707581404160707
1996,Maturity,SOL,Solomon Islands,0,4,2,4,604.0,0.0,0.0,0.0,0.0,0.0,2.2236,0.9023488708878078,5.333992395002528,0.09717998495939524
2000,Maturity,SOL,Solomon Islands,0,2,1,2,667.0,0.0,0.0,0.0,0.0,0.0,2.5961,0.9306101601331909,5.333992395002528,0.06905504990980614
2004,Maturity,SOL,Solomon Islands,0,2,1,2,669.0,0.0,0.0,0.0,0.0,0.0,2.5961,0.9306101601331909,5.333992395002528,0.06905504990980614
2008,Maturity,SOL,Solomon Islands,0,3,2,3,673.0,0.0,0.0,0.0,0.0,0.0,2.6302,0.9327800907762442,5.333992395002528,0.06689558868112354
2012,Maturity,SOL,Solomon Islands,0,4,3,4,670.0,0.0,0.0,0.0,0.0,0.0,2.6643,0.9348869120799613,5.333992395002528,0.06479893230378528
2016,Maturity,SOL,Solomon Islands,0,3,2,3,682.0,0.0,0.0,0.0,0.0,0.0,2.6302,0.9327800907762442,5.333992395002528,0.06689558868112354
2020,Maturity,SOL,Solomon Islands,0,3,3,3,761.0,0.0,0.0,0.0,0.0,0.0,3.0709,0.9556763112387718,5.333992395002528,0.04410983719617096
2024,Maturity,SOL,Solomon Islands,0,2,2,2,738.0,0.0,0.0,0.0,0.0,0.0,3.0367999999999995,0.9542092114897665,5.333992395002528,0.04556985852760353
1972,Formation,SOM,Somalia,0,3,1,4,439.0,0.0,0.0,0.0,0.0,0.0,2.1895,0.899302636772851,5.333992395002528,0.10021152169804554
1984,Formation,SOM,Somalia,0,7,1,6,492.0,0.0,0.0,0.0,0.0,0.0,0.5630999999999998,0.637169516607518,5.333992395002528,0.36107991007847084
1988,Formation,SOM,Somalia,0,5,1,4,528.0,0.0,0.0,0.0,0.0,0.0,1.3763,0.7983961066045667,5.333992395002528,0.2006312011550268
1996,Maturity,SOM,Somalia,0,4,1,4,604.0,0.0,0.0,0.0,0.0,0.0,1.7828999999999997,0.8560545879058464,5.333992395002528,0.14325090871414461
2000,Maturity,SOM,Somalia,0,2,1,2,667.0,0.0,0.0,0.0,0.0,0.0,2.5961,0.9306101601331909,5.333992395002528,0.06905504990980614
2004,Maturity,SOM,Somalia,0,2,1,2,669.0,0.0,0.0,0.0,0.0,0.0,2.5961,0.9306101601331909,5.333992395002528,0.06905504990980614
2008,Maturity,SOM,Somalia,0,2,1,2,673.0,0.0,0.0,0.0,0.0,0.0,2.5961,0.9306101601331909,5.333992395002528,0.06905504990980614
2012,Maturity,SOM,Somalia,0,2,1,2,670.0,0.0,0.0,0.0,0.0,0.0,2.5961,0.9306101601331909,5.333992395002528,0.06905504990980614
2016,Maturity,SOM,Somalia,0,2,1,2,682.0,0.0,0.0,0.0,0.0,0.0,2.5961,0.9306101601331909,5.333992395002528,0.06905504990980614
2020,Maturity,SOM,Somalia,0,2,2,2,761.0,0.0,0.0,0.0,0.0,0.0,3.0367999999999995,0.9542092114897665,5.333992395002528,0.04556985852760353
2024,Maturity,SOM,Somalia,0,1,1,1,738.0,0.0,0.0,0.0,0.0,0.0,3.0027,0.9526959548619061,5.333992395002528,0.04707581404160707
2016,Maturity,SSD,South Sudan,0,3,1,3,682.0,0.0,0.0,0.0,0.0,0.0,2.1895,0.899302636772851,5.333992395002528,0.10021152169804554
2020,Maturity,SSD,South Sudan,0,2,1,2,761.0,0.0,0.0,0.0,0.0,0.0,2.5961,0.9306101601331909,5.333992395002528,0.06905504990980614
2024,Maturity,SSD,South Sudan,0,14,2,3,738.0,0.0,0.0,0.0,0.0,0.0,-1.8424000000000003,0.1367676959801592,5.333992395002528,0.8590674074513933
1972,Formation,SWZ,Swaziland,0,2,2,4,439.0,0.0,0.0,0.0,0.0,0.0,3.0367999999999995,0.9542092114897665,5.333992395002528,0.04556985852760353
1984,Formation,SWZ,Swaziland,0,8,4,11,492.0,0.0,0.0,0.0,0.0,0.0,1.4785999999999997,0.8143610258444147,5.333992395002528,0.18474330896461608
1988,Formation,SWZ,Swaziland,0,11,4,11,528.0,0.0,0.0,0.0,0.0,0.0,0.2587999999999999,0.5643412823767135,5.333992395002528,0.4335567648933041
1992,Maturity,SWZ,Swaziland,0,6,2,10,573.0,0.0,0.0,0.0,0.0,0.0,1.4103999999999999,0.8038290264690082,5.333992395002528,0.1952244938746078
1996,Maturity,SWZ,Swaziland,0,6,3,5,604.0,0.0,0.0,0.0,0.0,0.0,1.8510999999999997,0.8642562038660018,5.333992395002528,0.13508886365745187
2000,Maturity,SWZ,Swaziland,0,6,4,6,667.0,0.0,0.0,0.0,0.0,0.0,2.2918,0.90819563775754,5.333992395002528,0.09136142738993933
2004,Maturity,SWZ,Swaziland,0,3,2,3,669.0,0.0,0.0,0.0,0.0,0.0,2.6302,0.9327800907762442,5.333992395002528,0.06689558868112354
2008,Maturity,SWZ,Swaziland,0,4,2,4,673.0,0.0,0.0,0.0,0.0,0.0,2.2236,0.9023488708878078,5.333992395002528,0.09717998495939524
2012,Maturity,SWZ,Swaziland,0,3,2,3,670.0,0.0,0.0,0.0,0.0,0.0,2.6302,0.9327800907762442,5.333992395002528,0.06689558868112354
2016,Maturity,SWZ,Swaziland,0,2,1,2,682.0,0.0,0.0,0.0,0.0,0.0,2.5961,0.9306101601331909,5.333992395002528,0.06905504990980614
2020,Maturity,SWZ,Swaziland,0,4,3,4,761.0,0.0,0.0,0.0,0.0,0.0,2.6643,0.9348869120799613,5.333992395002528,0.06479893230378528
2024,Maturity,SWZ,Swaziland,0,3,2,3,738.0,0.0,0.0,0.0,0.0,0.0,2.6302,0.9327800907762442,5.333992395002528,0.06689558868112354
2004,Maturity,TLS,Timor Leste,0,2,1,2,669.0,0.0,0.0,0.0,0.0,0.0,2.5961,0.9306101601331909,5.333992395002528,0.06905504990980614
2008,Maturity,TLS,Timor Leste,0,1,1,1,673.0,0.0,0.0,0.0,0.0,0.0,3.0027,0.9526959548619061,5.333992395002528,0.04707581404160707
2012,Maturity,TLS,Timor Leste,0,2,1,2,670.0,0.0,0.0,0.0,0.0,0.0,2.5961,0.9306101601331909,5.333992395002528,0.06905504990980614
2016,Maturity,TLS,Timor Leste,0,3,2,3,682.0,0.0,0.0,0.0,0.0,0.0,2.6302,0.9327800907762442,5.333992395002528,0.06689558868112354
2020,Maturity,TLS,Timor Leste,0,3,2,3,761.0,0.0,0.0,0.0,0.0,0.0,2.6302,0.9327800907762442,5.333992395002528,0.06689558868112354
2024,Maturity,TLS,Timor Leste,0,4,3,4,738.0,0.0,0.0,0.0,0.0,0.0,2.6643,0.9348869120799613,5.333992395002528,0.06479893230378528
2008,Maturity,TUV,Tuvalu,0,3,2,3,673.0,0.0,0.0,0.0,0.0,0.0,2.6302,0.9327800907762442,5.333992395002528,0.06689558868112354
2012,Maturity,TUV,Tuvalu,0,3,2,3,670.0,0.0,0.0,0.0,0.0,0.0,2.6302,0.9327800907762442,5.333992395002528,0.06689558868112354
2016,Maturity,TUV,Tuvalu,0,1,1,1,682.0,0.0,0.0,0.0,0.0,0.0,3.0027,0.9526959548619061,5.333992395002528,0.04707581404160707
2020,Maturity,TUV,Tuvalu,0,2,1,2,761.0,0.0,0.0,0.0,0.0,0.0,2.5961,0.9306101601331909,5.333992395002528,0.06905504990980614
2024,Maturity,TUV,Tuvalu,0,2,1,2,738.0,0.0,0.0,0.0,0.0,0.0,2.5961,0.9306101601331909,5.333992395002528,0.06905504990980614
1988,Formation,VAN,Vanuatu,0,4,2,6,528.0,0.0,0.0,0.0,0.0,0.0,2.2236,0.9023488708878078,5.333992395002528,0.09717998495939524
1992,Maturity,VAN,Vanuatu,0,6,1,8,573.0,0.0,0.0,0.0,0.0,0.0,0.9696999999999999,0.7250596973880862,5.333992395002528,0.27361377912855495
1996,Maturity,VAN,Vanuatu,0,4,1,4,604.0,0.0,0.0,0.0,0.0,0.0,1.7828999999999997,0.8560545879058464,5.333992395002528,0.14325090871414461
2000,Maturity,VAN,Vanuatu,0,3,2,3,667.0,0.0,0.0,0.0,0.0,0.0,2.6302,0.9327800907762442,5.333992395002528,0.06689558868112354
2004,Maturity,VAN,Vanuatu,0,2,1,2,669.0,0.0,0.0,0.0,0.0,0.0,2.5961,0.9306101601331909,5.333992395002528,0.06905504990980614
2008,Maturity,VAN,Vanuatu,0,3,2,3,673.0,0.0,0.0,0.0,0.0,0.0,2.6302,0.9327800907762442,5.333992395002528,0.06689558868112354
2012,Maturity,VAN,Vanuatu,0,5,3,5,670.0,0.0,0.0,0.0,0.0,0.0,2.2577,0.9053126549625738,5.333992395002528,0.09423050045852735
2016,Maturity,VAN,Vanuatu,0,4,4,4,682.0,0.0,0.0,0.0,0.0,0.0,3.1049999999999995,0.9570985196432062,5.333992395002528,0.04269449061893609
2020,Maturity,VAN,Vanuatu,0,3,3,3,761.0,0.0,0.0,0.0,0.0,0.0,3.0709,0.9556763112387718,5.333992395002528,0.04410983719617096
2024,Maturity,VAN,Vanuatu,0,6,5,6,738.0,0.0,0.0,0.0,0.0,0.0,2.7325,0.9389173734549439,5.333992395002528,0.06078791697440571
1992,Maturity,YEM,Yemen,0,8,2,8,573.0,0.0,0.0,0.0,0.0,0.0,0.5971999999999997,0.6450154494056656,5.333992395002528,0.3532718320946474
1996,Maturity,YEM,Yemen,0,4,2,4,604.0,0.0,0.0,0.0,0.0,0.0,2.2236,0.9023488708878078,5.333992395002528,0.09717998495939524
2000,Maturity,YEM,Yemen,0,2,1,2,667.0,0.0,0.0,0.0,0.0,0.0,2.5961,0.9306101601331909,5.333992395002528,0.06905504990980614
2004,Maturity,YEM,Yemen,0,3,3,3,669.0,0.0,0.0,0.0,0.0,0.0,3.0709,0.9556763112387718,5.333992395002528,0.04410983719617096
2008,Maturity,YEM,Yemen,0,5,4,8,673.0,0.0,0.0,0.0,0.0,0.0,2.6984,0.9369321655598715,5.333992395002528,0.06276354669971854
2012,Maturity,YEM,Yemen,0,4,3,4,670.0,0.0,0.0,0.0,0.0,0.0,2.6643,0.9348869120799613,5.333992395002528,0.06479893230378528
2016,Maturity,YEM,Yemen,0,3,3,3,682.0,0.0,0.0,0.0,0.0,0.0,3.0709,0.9556763112387718,5.333992395002528,0.04410983719617096
2020,Maturity,YEM,Yemen,0,5,4,6,761.0,0.0,0.0,0.0,0.0,0.0,2.6984,0.9369321655598715,5.333992395002528,0.06276354669971854
2024,Maturity,YEM,Yemen,0,4,4,4,738.0,0.0,0.0,0.0,0.0,0.0,3.1049999999999995,0.9570985196432062,5.333992395002528,0.04269449061893609
